Workbook

Sheet Day-1
A4: Classified Traffic Volume Count Survey - DAY-1 | W4: Classified Traffic Volume Count Survey - DAY-1
A5: Location: | B5: Nathavalasa Toll Plaza | Q5: Date: | R5: 45232 | W5: =A5 -> Location: | X5: =B5 -> Nathavalasa Toll Plaza | AJ5: Date: | AK5: =R5 -> 45232
A6: Direction : | B6: Ranasthalam to Anandapuram | W6: Direction : Both Directions
A7: PCU | B7: 1 | C7: 3 | D7: 1 | E7: 1.5 | F7: 3 | G7: 3 | H7: 4.5 | I7: 4.5 | J7: 0.5 | K7: 1 | L7: 1.5 | M7: 4.5 | N7: 0.5 | O7: 2 | P7: 4.5 | W7: PCU | X7: 1 | Y7: 3 | Z7: 1 | AA7: 1.5 | AB7: 3 | AC7: 3 | AD7: 4.5 | AE7: 4.5 | AF7: 0.5 | AG7: 1 | AH7: 1.5 | AI7: 4.5 | AJ7: 0.5 | AK7: 2 | AL7: 4.5
A8: Time | B8: Motorized Vehicles | N8: Non Motorized | W8: Time | X8: Motorized Vehicles | AJ8: Non Motorized
B9: Car, Jeep, Van& Taxi | C9: Bus | D9: LMV | E9: LCV | F9: 2Axle | G9: 3Axle | H9: 4-6Axle | I9: 7+ - Axle | J9: 2-Wheeler | K9: 3-Wheeler | L9: Tractor | M9: Tractor with trailor | N9: Cycle | O9: Rickshaw | P9: EME & HCM | Q9: Passenger Vehicles | R9: Freight Vehicles | S9: Total Fast Moving Vehicles | T9: Total Slow Moving Vehicles | U9: Total Vehicles | V9: Total PCU | X9: Car, Jeep, Van& Taxi | Y9: Bus | Z9: LMV | AA9: LCV | AB9: 2Axle | AC9: 3Axle | AD9: 4-6Axle | AE9: 7+ - Axle | AF9: 2-Wheeler | AG9: 3-Wheeler | AH9: Tractor | AI9: Tractor with trailor | AJ9: Cycle | AK9: Rickshaw | AL9: EME & HCM | AM9: Passenger Vehicles | AN9: Freight Vehicles | AO9: Total Fast Moving Vehicles | AP9: Total Slow Moving Vehicles | AQ9: Total Vehicles | AR9: Total PCU
A10: 12:00-13:00 | B10: 238 | C10: 24 | D10: 18 | E10: 18 | F10: 11 | G10: 7 | H10: 50 | I10: 0 | J10: 221 | K10: 52 | L10: 0 | M10: 0 | N10: 3 | O10: 0 | P10: 0 | Q10: =B10+C10+J10+K10+N10+O10 -> 538 | R10: =D10+E10+F10+G10+H10+I10+L10+M10+P10 -> 104 | S10: =Q10+R10 -> 642 | T10: =N10+O10 -> 3 | U10: =SUM(B10:P10) -> 642 | V10: =SUMPRODUCT(B10:P10,$B$7:$P$7) -> 798 | W10: =A10 -> 12:00-13:00 | X10: =B10+B44 -> 459 | Y10: =C10+C44 -> 46 | Z10: =D10+D44 -> 34 | AA10: =E10+E44 -> 32 | AB10: =F10+F44 -> 30 | AC10: =G10+G44 -> 30 | AD10: =H10+H44 -> 100 | AE10: =I10+I44 -> 0 | ... AR10: =V10+V44 -> 1606.5
A11: 13:00-14:00 | B11: 193 | C11: 23 | D11: 15 | E11: 11 | F11: 18 | G11: 15 | H11: 54 | I11: 0 | J11: 205 | K11: 57 | L11: 0 | M11: 0 | N11: 4 | O11: 0 | P11: 0 | Q11: =B11+C11+J11+K11+N11+O11 -> 482 | R11: =D11+E11+F11+G11+H11+I11+L11+M11+P11 -> 113 | S11: =Q11+R11 -> 595 | T11: =N11+O11 -> 4 | U11: =SUM(B11:P11) -> 595 | V11: =SUMPRODUCT(B11:P11,$B$7:$P$7) -> 797 | W11: =A11 -> 13:00-14:00 | X11: =B11+B45 -> 321 | Y11: =C11+C45 -> 47 | Z11: =D11+D45 -> 31 | AA11: =E11+E45 -> 25 | AB11: =F11+F45 -> 32 | AC11: =G11+G45 -> 41 | AD11: =H11+H45 -> 107 | AE11: =I11+I45 -> 0 | ... AR11: =V11+V45 -> 1519.5
A12: 14:00-15:00 | B12: 227 | C12: 22 | D12: 17 | E12: 14 | F12: 14 | G12: 13 | H12: 59 | I12: 0 | J12: 222 | K12: 72 | L12: 0 | M12: 3 | N12: 0 | O12: 0 | P12: 0 | Q12: =B12+C12+J12+K12+N12+O12 -> 543 | R12: =D12+E12+F12+G12+H12+I12+L12+M12+P12 -> 120 | S12: =Q12+R12 -> 663 | T12: =N12+O12 -> 0 | U12: =SUM(B12:P12) -> 663 | V12: =SUMPRODUCT(B12:P12,$B$7:$P$7) -> 874 | W12: =A12 -> 14:00-15:00 | X12: =B12+B46 -> 356 | Y12: =C12+C46 -> 40 | Z12: =D12+D46 -> 40 | AA12: =E12+E46 -> 30 | AB12: =F12+F46 -> 39 | AC12: =G12+G46 -> 43 | AD12: =H12+H46 -> 124 | AE12: =I12+I46 -> 0 | ... AR12: =V12+V46 -> 1676.5
A13: 15:00-16:00 | B13: 265 | C13: 27 | D13: 11 | E13: 11 | F13: 21 | G13: 17 | H13: 42 | I13: 0 | J13: 282 | K13: 71 | L13: 0 | M13: 4 | N13: 0 | O13: 0 | P13: 0 | Q13: =B13+C13+J13+K13+N13+O13 -> 645 | R13: =D13+E13+F13+G13+H13+I13+L13+M13+P13 -> 106 | S13: =Q13+R13 -> 751 | T13: =N13+O13 -> 0 | U13: =SUM(B13:P13) -> 751 | V13: =SUMPRODUCT(B13:P13,$B$7:$P$7) -> 906.5 | W13: =A13 -> 15:00-16:00 | X13: =B13+B47 -> 499 | Y13: =C13+C47 -> 49 | Z13: =D13+D47 -> 24 | AA13: =E13+E47 -> 30 | AB13: =F13+F47 -> 56 | AC13: =G13+G47 -> 45 | AD13: =H13+H47 -> 107 | AE13: =I13+I47 -> 0 | ... AR13: =V13+V47 -> 1887.5
A14: 16:00-17:00 | B14: 216 | C14: 30 | D14: 19 | E14: 13 | F14: 22 | G14: 33 | H14: 65 | I14: 0 | J14: 293 | K14: 42 | L14: 0 | M14: 3 | N14: 0 | O14: 0 | P14: 0 | Q14: =B14+C14+J14+K14+N14+O14 -> 581 | R14: =D14+E14+F14+G14+H14+I14+L14+M14+P14 -> 155 | S14: =Q14+R14 -> 736 | T14: =N14+O14 -> 0 | U14: =SUM(B14:P14) -> 736 | V14: =SUMPRODUCT(B14:P14,$B$7:$P$7) -> 1004 | W14: =A14 -> 16:00-17:00 | X14: =B14+B48 -> 463 | Y14: =C14+C48 -> 48 | Z14: =D14+D48 -> 42 | AA14: =E14+E48 -> 26 | AB14: =F14+F48 -> 41 | AC14: =G14+G48 -> 66 | AD14: =H14+H48 -> 113 | AE14: =I14+I48 -> 0 | ... AR14: =V14+V48 -> 1946.5
A15: 17:00-18:00 | B15: 242 | C15: 28 | D15: 18 | E15: 18 | F15: 12 | G15: 15 | H15: 94 | I15: 0 | J15: 339 | K15: 42 | L15: 0 | M15: 3 | N15: 2 | O15: 0 | P15: 0 | Q15: =B15+C15+J15+K15+N15+O15 -> 653 | R15: =D15+E15+F15+G15+H15+I15+L15+M15+P15 -> 160 | S15: =Q15+R15 -> 813 | T15: =N15+O15 -> 2 | U15: =SUM(B15:P15) -> 813 | V15: =SUMPRODUCT(B15:P15,$B$7:$P$7) -> 1101 | W15: =A15 -> 17:00-18:00 | X15: =B15+B49 -> 546 | Y15: =C15+C49 -> 55 | Z15: =D15+D49 -> 40 | AA15: =E15+E49 -> 48 | AB15: =F15+F49 -> 29 | AC15: =G15+G49 -> 56 | AD15: =H15+H49 -> 144 | AE15: =I15+I49 -> 0 | ... AR15: =V15+V49 -> 2112
A16: 18:00-19:00 | B16: 211 | C16: 22 | D16: 17 | E16: 23 | F16: 18 | G16: 25 | H16: 81 | I16: 0 | J16: 364 | K16: 43 | L16: 0 | M16: 2 | N16: 2 | O16: 0 | P16: 0 | Q16: =B16+C16+J16+K16+N16+O16 -> 642 | R16: =D16+E16+F16+G16+H16+I16+L16+M16+P16 -> 166 | S16: =Q16+R16 -> 808 | T16: =N16+O16 -> 2 | U16: =SUM(B16:P16) -> 808 | V16: =SUMPRODUCT(B16:P16,$B$7:$P$7) -> 1057 | W16: =A16 -> 18:00-19:00 | X16: =B16+B50 -> 496 | Y16: =C16+C50 -> 35 | Z16: =D16+D50 -> 32 | AA16: =E16+E50 -> 50 | AB16: =F16+F50 -> 32 | AC16: =G16+G50 -> 62 | AD16: =H16+H50 -> 153 | AE16: =I16+I50 -> 0 | ... AR16: =V16+V50 -> 2049
A17: 19:00-20:00 | B17: 169 | C17: 22 | D17: 16 | E17: 26 | F17: 13 | G17: 15 | H17: 83 | I17: 0 | J17: 272 | K17: 32 | L17: 0 | M17: 3 | N17: 0 | O17: 0 | P17: 0 | Q17: =B17+C17+J17+K17+N17+O17 -> 495 | R17: =D17+E17+F17+G17+H17+I17+L17+M17+P17 -> 156 | S17: =Q17+R17 -> 651 | T17: =N17+O17 -> 0 | U17: =SUM(B17:P17) -> 651 | V17: =SUMPRODUCT(B17:P17,$B$7:$P$7) -> 929 | W17: =A17 -> 19:00-20:00 | X17: =B17+B51 -> 412 | Y17: =C17+C51 -> 41 | Z17: =D17+D51 -> 37 | AA17: =E17+E51 -> 41 | AB17: =F17+F51 -> 27 | AC17: =G17+G51 -> 47 | AD17: =H17+H51 -> 153 | AE17: =I17+I51 -> 0 | ... AR17: =V17+V51 -> 1835.5
A18: 20:00-21:00 | B18: 164 | C18: 26 | D18: 17 | E18: 21 | F18: 26 | G18: 26 | H18: 81 | I18: 0 | J18: 199 | K18: 17 | L18: 0 | M18: 0 | N18: 0 | O18: 0 | P18: 0 | Q18: =B18+C18+J18+K18+N18+O18 -> 406 | R18: =D18+E18+F18+G18+H18+I18+L18+M18+P18 -> 171 | S18: =Q18+R18 -> 577 | T18: =N18+O18 -> 0 | U18: =SUM(B18:P18) -> 577 | V18: =SUMPRODUCT(B18:P18,$B$7:$P$7) -> 927.5 | W18: =A18 -> 20:00-21:00 | X18: =B18+B52 -> 341 | Y18: =C18+C52 -> 45 | Z18: =D18+D52 -> 24 | AA18: =E18+E52 -> 43 | AB18: =F18+F52 -> 42 | AC18: =G18+G52 -> 53 | AD18: =H18+H52 -> 127 | AE18: =I18+I52 -> 0 | ... AR18: =V18+V52 -> 1608
A19: 21:00-22:00 | B19: 81 | C19: 27 | D19: 21 | E19: 22 | F19: 12 | G19: 17 | H19: 97 | I19: 0 | J19: 114 | K19: 11 | L19: 0 | M19: 0 | N19: 0 | O19: 0 | P19: 0 | Q19: =B19+C19+J19+K19+N19+O19 -> 233 | R19: =D19+E19+F19+G19+H19+I19+L19+M19+P19 -> 169 | S19: =Q19+R19 -> 402 | T19: =N19+O19 -> 0 | U19: =SUM(B19:P19) -> 402 | V19: =SUMPRODUCT(B19:P19,$B$7:$P$7) -> 807.5 | W19: =A19 -> 21:00-22:00 | X19: =B19+B53 -> 208 | Y19: =C19+C53 -> 36 | Z19: =D19+D53 -> 36 | AA19: =E19+E53 -> 46 | AB19: =F19+F53 -> 28 | AC19: =G19+G53 -> 38 | AD19: =H19+H53 -> 152 | AE19: =I19+I53 -> 0 | ... AR19: =V19+V53 -> 1428
A20: 22:00-23:00 | B20: 60 | C20: 11 | D20: 6 | E20: 15 | F20: 11 | G20: 23 | H20: 94 | I20: 0 | J20: 80 | K20: 14 | L20: 2 | M20: 2 | N20: 0 | O20: 0 | P20: 0 | Q20: =B20+C20+J20+K20+N20+O20 -> 165 | R20: =D20+E20+F20+G20+H20+I20+L20+M20+P20 -> 153 | S20: =Q20+R20 -> 318 | T20: =N20+O20 -> 0 | U20: =SUM(B20:P20) -> 318 | V20: =SUMPRODUCT(B20:P20,$B$7:$P$7) -> 712.5 | W20: =A20 -> 22:00-23:00 | X20: =B20+B54 -> 127 | Y20: =C20+C54 -> 16 | Z20: =D20+D54 -> 15 | AA20: =E20+E54 -> 38 | AB20: =F20+F54 -> 25 | AC20: =G20+G54 -> 49 | AD20: =H20+H54 -> 137 | AE20: =I20+I54 -> 0 | ... AR20: =V20+V54 -> 1188
A21: 23:00-00:00 | B21: 34 | C21: 4 | D21: 7 | E21: 13 | F21: 11 | G21: 22 | H21: 75 | I21: 0 | J21: 23 | K21: 2 | L21: 0 | M21: 0 | N21: 0 | O21: 0 | P21: 0 | Q21: =B21+C21+J21+K21+N21+O21 -> 63 | R21: =D21+E21+F21+G21+H21+I21+L21+M21+P21 -> 128 | S21: =Q21+R21 -> 191 | T21: =N21+O21 -> 0 | U21: =SUM(B21:P21) -> 191 | V21: =SUMPRODUCT(B21:P21,$B$7:$P$7) -> 522.5 | W21: =A21 -> 23:00-00:00 | X21: =B21+B55 -> 69 | Y21: =C21+C55 -> 7 | Z21: =D21+D55 -> 13 | AA21: =E21+E55 -> 22 | AB21: =F21+F55 -> 26 | AC21: =G21+G55 -> 44 | AD21: =H21+H55 -> 116 | AE21: =I21+I55 -> 0 | ... AR21: =V21+V55 -> 904.5
... A33: 11:00-12:00 | B33: 170 | C33: 34 | D33: 15 | E33: 27 | F33: 14 | G33: 19 | H33: 62 | I33: 0 | J33: 238 | K33: 62 | L33: 2 | M33: 2 | N33: 0 | O33: 0 | P33: 0 | Q33: =B33+C33+J33+K33+N33+O33 -> 504 | R33: =D33+E33+F33+G33+H33+I33+L33+M33+P33 -> 141 | S33: =Q33+R33 -> 645 | T33: =N33+O33 -> 0 | U33: =SUM(B33:P33) -> 645 | V33: =SUMPRODUCT(B33:P33,$B$7:$P$7) -> 898.5 | W33: =A33 -> 11:00-12:00 | X33: =B33+B67 -> 338 | Y33: =C33+C67 -> 55 | Z33: =D33+D67 -> 41 | AA33: =E33+E67 -> 45 | AB33: =F33+F67 -> 36 | AC33: =G33+G67 -> 52 | AD33: =H33+H67 -> 138 | AE33: =I33+I67 -> 0 | ... AR33: =V33+V67 -> 1827.5
A34: Total | B34: =SUM(B10:B33) -> 3164 | C34: =SUM(C10:C33) -> 436 | D34: =SUM(D10:D33) -> 323 | E34: =SUM(E10:E33) -> 368 | F34: =SUM(F10:F33) -> 353 | G34: =SUM(G10:G33) -> 422 | H34: =SUM(H10:H33) -> 1604 | I34: =SUM(I10:I33) -> 0 | ... V34: =SUM(V10:V33) -> 18175.5 | W34: Total | X34: =SUM(X10:X33) -> 6673 | Y34: =SUM(Y10:Y33) -> 890 | Z34: =SUM(Z10:Z33) -> 657 | AA34: =SUM(AA10:AA33) -> 798 | AB34: =SUM(AB10:AB33) -> 780 | AC34: =SUM(AC10:AC33) -> 1145 | AD34: =SUM(AD10:AD33) -> 2959 | AE34: =SUM(AE10:AE33) -> 0 | ... AR34: =SUM(AR10:AR33) -> 36053.5
A38: Classified Traffic Volume Count Survey - DAY-1
A39: =A5 -> Location: | B39: =B5 -> Nathavalasa Toll Plaza | Q39: Date: | R39: =R5 -> 45232
A40: Direction : | B40: Anandapuram to Ranasthalam
A41: PCU | B41: 1 | C41: 3 | D41: 1 | E41: 1.5 | F41: 3 | G41: 3 | H41: 4.5 | I41: 4.5 | J41: 0.5 | K41: 1 | L41: 1.5 | M41: 4.5 | N41: 0.5 | O41: 2 | P41: 4.5
A42: Time | B42: Motorized Vehicles | N42: Non Motorized
B43: Car, Jeep, Van& Taxi | C43: Bus | D43: LMV | E43: LCV | F43: 2Axle | G43: 3Axle | H43: 4-6Axle | I43: 7+ - Axle | J43: 2-Wheeler | K43: 3-Wheeler | L43: Tractor | M43: Tractor with trailor | N43: Cycle | O43: Rickshaw | P43: EME & HCM | Q43: Passenger Vehicles | R43: Freight Vehicles | S43: Total Fast Moving Vehicles | T43: Total Slow Moving Vehicles | U43: Total Vehicles | V43: Total PCU
A44: =A10 -> 12:00-13:00 | B44: 221 | C44: 22 | D44: 16 | E44: 14 | F44: 19 | G44: 23 | H44: 50 | I44: 0 | J44: 156 | K44: 29 | L44: 2 | M44: 5 | N44: 2 | O44: 0 | P44: 0 | Q44: =B44+C44+J44+K44+N44+O44 -> 430 | R44: =D44+E44+F44+G44+H44+I44+L44+M44+P44 -> 129 | S44: =Q44+R44 -> 559 | T44: =N44+O44 -> 2 | U44: =SUM(B44:P44) -> 559 | V44: =SUMPRODUCT(B44:P44,$B$7:$P$7) -> 808.5
A45: =A11 -> 13:00-14:00 | B45: 128 | C45: 24 | D45: 16 | E45: 14 | F45: 14 | G45: 26 | H45: 53 | I45: 0 | J45: 176 | K45: 30 | L45: 0 | M45: 2 | N45: 0 | O45: 0 | P45: 0 | Q45: =B45+C45+J45+K45+N45+O45 -> 358 | R45: =D45+E45+F45+G45+H45+I45+L45+M45+P45 -> 125 | S45: =Q45+R45 -> 483 | T45: =N45+O45 -> 0 | U45: =SUM(B45:P45) -> 483 | V45: =SUMPRODUCT(B45:P45,$B$7:$P$7) -> 722.5
A46: =A12 -> 14:00-15:00 | B46: 129 | C46: 18 | D46: 23 | E46: 16 | F46: 25 | G46: 30 | H46: 65 | I46: 0 | J46: 140 | K46: 27 | L46: 0 | M46: 4 | N46: 0 | O46: 0 | P46: 0 | Q46: =B46+C46+J46+K46+N46+O46 -> 314 | R46: =D46+E46+F46+G46+H46+I46+L46+M46+P46 -> 163 | S46: =Q46+R46 -> 477 | T46: =N46+O46 -> 0 | U46: =SUM(B46:P46) -> 477 | V46: =SUMPRODUCT(B46:P46,$B$7:$P$7) -> 802.5
A47: =A13 -> 15:00-16:00 | B47: 234 | C47: 22 | D47: 13 | E47: 19 | F47: 35 | G47: 28 | H47: 65 | I47: 0 | J47: 179 | K47: 46 | L47: 3 | M47: 4 | N47: 0 | O47: 0 | P47: 0 | Q47: =B47+C47+J47+K47+N47+O47 -> 481 | R47: =D47+E47+F47+G47+H47+I47+L47+M47+P47 -> 167 | S47: =Q47+R47 -> 648 | T47: =N47+O47 -> 0 | U47: =SUM(B47:P47) -> 648 | V47: =SUMPRODUCT(B47:P47,$B$7:$P$7) -> 981
A48: =A14 -> 16:00-17:00 | B48: 247 | C48: 18 | D48: 23 | E48: 13 | F48: 19 | G48: 33 | H48: 48 | I48: 0 | J48: 326 | K48: 54 | L48: 0 | M48: 2 | N48: 2 | O48: 0 | P48: 0 | Q48: =B48+C48+J48+K48+N48+O48 -> 647 | R48: =D48+E48+F48+G48+H48+I48+L48+M48+P48 -> 138 | S48: =Q48+R48 -> 785 | T48: =N48+O48 -> 2 | U48: =SUM(B48:P48) -> 785 | V48: =SUMPRODUCT(B48:P48,$B$7:$P$7) -> 942.5
A49: =A15 -> 17:00-18:00 | B49: 304 | C49: 27 | D49: 22 | E49: 30 | F49: 17 | G49: 41 | H49: 50 | I49: 0 | J49: 207 | K49: 43 | L49: 3 | M49: 2 | N49: 0 | O49: 0 | P49: 0 | Q49: =B49+C49+J49+K49+N49+O49 -> 581 | R49: =D49+E49+F49+G49+H49+I49+L49+M49+P49 -> 165 | S49: =Q49+R49 -> 746 | T49: =N49+O49 -> 0 | U49: =SUM(B49:P49) -> 746 | V49: =SUMPRODUCT(B49:P49,$B$7:$P$7) -> 1011
A50: =A16 -> 18:00-19:00 | B50: 285 | C50: 13 | D50: 15 | E50: 27 | F50: 14 | G50: 37 | H50: 72 | I50: 0 | J50: 181 | K50: 36 | L50: 0 | M50: 2 | N50: 0 | O50: 0 | P50: 0 | Q50: =B50+C50+J50+K50+N50+O50 -> 515 | R50: =D50+E50+F50+G50+H50+I50+L50+M50+P50 -> 167 | S50: =Q50+R50 -> 682 | T50: =N50+O50 -> 0 | U50: =SUM(B50:P50) -> 682 | V50: =SUMPRODUCT(B50:P50,$B$7:$P$7) -> 992
A51: =A17 -> 19:00-20:00 | B51: 243 | C51: 19 | D51: 21 | E51: 15 | F51: 14 | G51: 32 | H51: 70 | I51: 0 | J51: 176 | K51: 22 | L51: 0 | M51: 0 | N51: 0 | O51: 0 | P51: 0 | Q51: =B51+C51+J51+K51+N51+O51 -> 460 | R51: =D51+E51+F51+G51+H51+I51+L51+M51+P51 -> 152 | S51: =Q51+R51 -> 612 | T51: =N51+O51 -> 0 | U51: =SUM(B51:P51) -> 612 | V51: =SUMPRODUCT(B51:P51,$B$7:$P$7) -> 906.5
A52: =A18 -> 20:00-21:00 | B52: 177 | C52: 19 | D52: 7 | E52: 22 | F52: 16 | G52: 27 | H52: 46 | I52: 0 | J52: 123 | K52: 9 | L52: 0 | M52: 0 | N52: 0 | O52: 0 | P52: 0 | Q52: =B52+C52+J52+K52+N52+O52 -> 328 | R52: =D52+E52+F52+G52+H52+I52+L52+M52+P52 -> 118 | S52: =Q52+R52 -> 446 | T52: =N52+O52 -> 0 | U52: =SUM(B52:P52) -> 446 | V52: =SUMPRODUCT(B52:P52,$B$7:$P$7) -> 680.5
A53: =A19 -> 21:00-22:00 | B53: 127 | C53: 9 | D53: 15 | E53: 24 | F53: 16 | G53: 21 | H53: 55 | I53: 0 | J53: 78 | K53: 8 | L53: 0 | M53: 2 | N53: 2 | O53: 0 | P53: 0 | Q53: =B53+C53+J53+K53+N53+O53 -> 224 | R53: =D53+E53+F53+G53+H53+I53+L53+M53+P53 -> 133 | S53: =Q53+R53 -> 357 | T53: =N53+O53 -> 2 | U53: =SUM(B53:P53) -> 357 | V53: =SUMPRODUCT(B53:P53,$B$7:$P$7) -> 620.5
A54: =A20 -> 22:00-23:00 | B54: 67 | C54: 5 | D54: 9 | E54: 23 | F54: 14 | G54: 26 | H54: 43 | I54: 0 | J54: 59 | K54: 7 | L54: 0 | M54: 0 | N54: 0 | O54: 0 | P54: 0 | Q54: =B54+C54+J54+K54+N54+O54 -> 138 | R54: =D54+E54+F54+G54+H54+I54+L54+M54+P54 -> 115 | S54: =Q54+R54 -> 253 | T54: =N54+O54 -> 0 | U54: =SUM(B54:P54) -> 253 | V54: =SUMPRODUCT(B54:P54,$B$7:$P$7) -> 475.5
A55: =A21 -> 23:00-00:00 | B55: 35 | C55: 3 | D55: 6 | E55: 9 | F55: 15 | G55: 22 | H55: 41 | I55: 0 | J55: 34 | K55: 3 | L55: 2 | M55: 0 | N55: 0 | O55: 0 | P55: 0 | Q55: =B55+C55+J55+K55+N55+O55 -> 75 | R55: =D55+E55+F55+G55+H55+I55+L55+M55+P55 -> 95 | S55: =Q55+R55 -> 170 | T55: =N55+O55 -> 0 | U55: =SUM(B55:P55) -> 170 | V55: =SUMPRODUCT(B55:P55,$B$7:$P$7) -> 382
... A67: =A33 -> 11:00-12:00 | B67: 168 | C67: 21 | D67: 26 | E67: 18 | F67: 22 | G67: 33 | H67: 76 | I67: 0 | J67: 165 | K67: 42 | L67: 0 | M67: 3 | N67: 0 | O67: 0 | P67: 0 | Q67: =B67+C67+J67+K67+N67+O67 -> 396 | R67: =D67+E67+F67+G67+H67+I67+L67+M67+P67 -> 178 | S67: =Q67+R67 -> 574 | T67: =N67+O67 -> 0 | U67: =SUM(B67:P67) -> 574 | V67: =SUMPRODUCT(B67:P67,$B$7:$P$7) -> 929
A68: Total | B68: =SUM(B44:B67) -> 3509 | C68: =SUM(C44:C67) -> 454 | D68: =SUM(D44:D67) -> 334 | E68: =SUM(E44:E67) -> 430 | F68: =SUM(F44:F67) -> 427 | G68: =SUM(G44:G67) -> 723 | H68: =SUM(H44:H67) -> 1355 | I68: =SUM(I44:I67) -> 0 | ... V68: =SUM(V44:V67) -> 17878

Sheet Day-2
A4: Classified Traffic Volume Count Survey - DAY-2 | W4: Classified Traffic Volume Count Survey - DAY-2
A5: Location: | B5: ='Day-1'!B5:P5 -> Nathavalasa Toll Plaza | Q5: Date: | R5: 45233 | W5: =A5 -> Location: | X5: =B5 -> Nathavalasa Toll Plaza | AJ5: Date: | AK5: =R5 -> 45233
A6: Direction | B6: ='Day-1'!B6:V6 -> Ranasthalam to Anandapuram | W6: Direction : Both Directions
A7: PCU | B7: 1 | C7: 3 | D7: 1 | E7: 1.5 | F7: 3 | G7: 3 | H7: 4.5 | I7: 4.5 | J7: 0.5 | K7: 1 | L7: 1.5 | M7: 4.5 | N7: 0.5 | O7: 2 | P7: 4.5 | W7: PCU | X7: 1 | Y7: 3 | Z7: 1 | AA7: 1.5 | AB7: 3 | AC7: 3 | AD7: 4.5 | AE7: 4.5 | AF7: 0.5 | AG7: 1 | AH7: 1.5 | AI7: 4.5 | AJ7: 0.5 | AK7: 2 | AL7: 4.5
A8: Time | B8: Motorized Vehicles | N8: Non Motorized | W8: Time | X8: Motorized Vehicles | AJ8: Non Motorized
B9: Car, Jeep, Van& Taxi | C9: Bus | D9: LMV | E9: LCV | F9: 2Axle | G9: 3Axle | H9: 4-6Axle | I9: 7+ - Axle | J9: 2-Wheeler | K9: 3-Wheeler | L9: Tractor | M9: Tractor with trailor | N9: Cycle | O9: Rickshaw | P9: EME & HCM | Q9: Passenger Vehicles | R9: Freight Vehicles | S9: Total Fast Moving Vehicles | T9: Total Slow Moving Vehicles | U9: Total Vehicles | V9: Total PCU | X9: Car, Jeep, Van& Taxi | Y9: Bus | Z9: LMV | AA9: LCV | AB9: 2Axle | AC9: 3Axle | AD9: 4-6Axle | AE9: 7+ - Axle | AF9: 2-Wheeler | AG9: 3-Wheeler | AH9: Tractor | AI9: Tractor with trailor | AJ9: Cycle | AK9: Rickshaw | AL9: EME & HCM | AM9: Passenger Vehicles | AN9: Freight Vehicles | AO9: Total Fast Moving Vehicles | AP9: Total Slow Moving Vehicles | AQ9: Total Vehicles | AR9: Total PCU
A10: ='Day-1'!A10 -> 12:00-13:00 | B10: 139 | C10: 23 | D10: 17 | E10: 24 | F10: 14 | G10: 21 | H10: 56 | I10: 0 | J10: 142 | K10: 47 | L10: 0 | M10: 2 | N10: 0 | O10: 0 | P10: 0 | Q10: =B10+C10+J10+K10+N10+O10 -> 351 | R10: =D10+E10+F10+G10+H10+I10+L10+M10+P10 -> 134 | S10: =Q10+R10 -> 485 | T10: =N10+O10 -> 0 | U10: =SUM(B10:P10) -> 485 | V10: =SUMPRODUCT(B10:P10,$B$7:$P$7) -> 745 | W10: =A10 -> 12:00-13:00 | X10: =B10+B44 -> 268 | Y10: =C10+C44 -> 41 | Z10: =D10+D44 -> 46 | AA10: =E10+E44 -> 49 | AB10: =F10+F44 -> 36 | AC10: =G10+G44 -> 48 | AD10: =H10+H44 -> 118 | AE10: =I10+I44 -> 0 | ... AR10: =V10+V44 -> 1550
A11: ='Day-1'!A11 -> 13:00-14:00 | B11: 112 | C11: 18 | D11: 18 | E11: 25 | F11: 10 | G11: 17 | H11: 45 | I11: 0 | J11: 113 | K11: 35 | L11: 0 | M11: 4 | N11: 0 | O11: 2 | P11: 0 | Q11: =B11+C11+J11+K11+N11+O11 -> 280 | R11: =D11+E11+F11+G11+H11+I11+L11+M11+P11 -> 119 | S11: =Q11+R11 -> 399 | T11: =N11+O11 -> 2 | U11: =SUM(B11:P11) -> 399 | V11: =SUMPRODUCT(B11:P11,$B$7:$P$7) -> 618.5 | W11: =A11 -> 13:00-14:00 | X11: =B11+B45 -> 236 | Y11: =C11+C45 -> 41 | Z11: =D11+D45 -> 39 | AA11: =E11+E45 -> 48 | AB11: =F11+F45 -> 35 | AC11: =G11+G45 -> 33 | AD11: =H11+H45 -> 87 | AE11: =I11+I45 -> 0 | ... AR11: =V11+V45 -> 1285
A12: ='Day-1'!A12 -> 14:00-15:00 | B12: 132 | C12: 30 | D12: 13 | E12: 5 | F12: 16 | G12: 22 | H12: 44 | I12: 0 | J12: 133 | K12: 27 | L12: 2 | M12: 2 | N12: 0 | O12: 0 | P12: 0 | Q12: =B12+C12+J12+K12+N12+O12 -> 322 | R12: =D12+E12+F12+G12+H12+I12+L12+M12+P12 -> 104 | S12: =Q12+R12 -> 426 | T12: =N12+O12 -> 0 | U12: =SUM(B12:P12) -> 426 | V12: =SUMPRODUCT(B12:P12,$B$7:$P$7) -> 660 | W12: =A12 -> 14:00-15:00 | X12: =B12+B46 -> 282 | Y12: =C12+C46 -> 49 | Z12: =D12+D46 -> 44 | AA12: =E12+E46 -> 35 | AB12: =F12+F46 -> 28 | AC12: =G12+G46 -> 47 | AD12: =H12+H46 -> 87 | AE12: =I12+I46 -> 0 | ... AR12: =V12+V46 -> 1332
A13: ='Day-1'!A13 -> 15:00-16:00 | B13: 162 | C13: 27 | D13: 19 | E13: 22 | F13: 14 | G13: 33 | H13: 55 | I13: 0 | J13: 134 | K13: 38 | L13: 0 | M13: 3 | N13: 0 | O13: 0 | P13: 0 | Q13: =B13+C13+J13+K13+N13+O13 -> 361 | R13: =D13+E13+F13+G13+H13+I13+L13+M13+P13 -> 146 | S13: =Q13+R13 -> 507 | T13: =N13+O13 -> 0 | U13: =SUM(B13:P13) -> 507 | V13: =SUMPRODUCT(B13:P13,$B$7:$P$7) -> 802 | W13: =A13 -> 15:00-16:00 | X13: =B13+B47 -> 337 | Y13: =C13+C47 -> 51 | Z13: =D13+D47 -> 45 | AA13: =E13+E47 -> 50 | AB13: =F13+F47 -> 41 | AC13: =G13+G47 -> 83 | AD13: =H13+H47 -> 111 | AE13: =I13+I47 -> 0 | ... AR13: =V13+V47 -> 1699
A14: ='Day-1'!A14 -> 16:00-17:00 | B14: 196 | C14: 28 | D14: 25 | E14: 23 | F14: 19 | G14: 19 | H14: 56 | I14: 0 | J14: 203 | K14: 46 | L14: 0 | M14: 6 | N14: 0 | O14: 0 | P14: 0 | Q14: =B14+C14+J14+K14+N14+O14 -> 473 | R14: =D14+E14+F14+G14+H14+I14+L14+M14+P14 -> 148 | S14: =Q14+R14 -> 621 | T14: =N14+O14 -> 0 | U14: =SUM(B14:P14) -> 621 | V14: =SUMPRODUCT(B14:P14,$B$7:$P$7) -> 880 | W14: =A14 -> 16:00-17:00 | X14: =B14+B48 -> 359 | Y14: =C14+C48 -> 58 | Z14: =D14+D48 -> 44 | AA14: =E14+E48 -> 53 | AB14: =F14+F48 -> 41 | AC14: =G14+G48 -> 46 | AD14: =H14+H48 -> 120 | AE14: =I14+I48 -> 0 | ... AR14: =V14+V48 -> 1758
A15: ='Day-1'!A15 -> 17:00-18:00 | B15: 194 | C15: 26 | D15: 27 | E15: 26 | F15: 22 | G15: 21 | H15: 66 | I15: 0 | J15: 278 | K15: 48 | L15: 0 | M15: 6 | N15: 0 | O15: 0 | P15: 0 | Q15: =B15+C15+J15+K15+N15+O15 -> 546 | R15: =D15+E15+F15+G15+H15+I15+L15+M15+P15 -> 168 | S15: =Q15+R15 -> 714 | T15: =N15+O15 -> 0 | U15: =SUM(B15:P15) -> 714 | V15: =SUMPRODUCT(B15:P15,$B$7:$P$7) -> 978 | W15: =A15 -> 17:00-18:00 | X15: =B15+B49 -> 363 | Y15: =C15+C49 -> 50 | Z15: =D15+D49 -> 50 | AA15: =E15+E49 -> 53 | AB15: =F15+F49 -> 36 | AC15: =G15+G49 -> 48 | AD15: =H15+H49 -> 123 | AE15: =I15+I49 -> 0 | ... AR15: =V15+V49 -> 1826
A16: ='Day-1'!A16 -> 18:00-19:00 | B16: 202 | C16: 33 | D16: 18 | E16: 31 | F16: 29 | G16: 17 | H16: 79 | I16: 0 | J16: 215 | K16: 27 | L16: 0 | M16: 6 | N16: 0 | O16: 0 | P16: 0 | Q16: =B16+C16+J16+K16+N16+O16 -> 477 | R16: =D16+E16+F16+G16+H16+I16+L16+M16+P16 -> 180 | S16: =Q16+R16 -> 657 | T16: =N16+O16 -> 0 | U16: =SUM(B16:P16) -> 657 | V16: =SUMPRODUCT(B16:P16,$B$7:$P$7) -> 1020.5 | W16: =A16 -> 18:00-19:00 | X16: =B16+B50 -> 333 | Y16: =C16+C50 -> 59 | Z16: =D16+D50 -> 37 | AA16: =E16+E50 -> 58 | AB16: =F16+F50 -> 46 | AC16: =G16+G50 -> 48 | AD16: =H16+H50 -> 146 | AE16: =I16+I50 -> 0 | ... AR16: =V16+V50 -> 1839.5
A17: ='Day-1'!A17 -> 19:00-20:00 | B17: 126 | C17: 27 | D17: 17 | E17: 37 | F17: 18 | G17: 18 | H17: 93 | I17: 0 | J17: 151 | K17: 21 | L17: 0 | M17: 5 | N17: 0 | O17: 0 | P17: 0 | Q17: =B17+C17+J17+K17+N17+O17 -> 325 | R17: =D17+E17+F17+G17+H17+I17+L17+M17+P17 -> 188 | S17: =Q17+R17 -> 513 | T17: =N17+O17 -> 0 | U17: =SUM(B17:P17) -> 513 | V17: =SUMPRODUCT(B17:P17,$B$7:$P$7) -> 925 | W17: =A17 -> 19:00-20:00 | X17: =B17+B51 -> 232 | Y17: =C17+C51 -> 48 | Z17: =D17+D51 -> 30 | AA17: =E17+E51 -> 63 | AB17: =F17+F51 -> 29 | AC17: =G17+G51 -> 37 | AD17: =H17+H51 -> 135 | AE17: =I17+I51 -> 0 | ... AR17: =V17+V51 -> 1554
A18: ='Day-1'!A18 -> 20:00-21:00 | B18: 111 | C18: 29 | D18: 17 | E18: 37 | F18: 22 | G18: 15 | H18: 78 | I18: 0 | J18: 133 | K18: 11 | L18: 0 | M18: 0 | N18: 0 | O18: 0 | P18: 0 | Q18: =B18+C18+J18+K18+N18+O18 -> 284 | R18: =D18+E18+F18+G18+H18+I18+L18+M18+P18 -> 169 | S18: =Q18+R18 -> 453 | T18: =N18+O18 -> 0 | U18: =SUM(B18:P18) -> 453 | V18: =SUMPRODUCT(B18:P18,$B$7:$P$7) -> 810 | W18: =A18 -> 20:00-21:00 | X18: =B18+B52 -> 210 | Y18: =C18+C52 -> 40 | Z18: =D18+D52 -> 36 | AA18: =E18+E52 -> 64 | AB18: =F18+F52 -> 43 | AC18: =G18+G52 -> 30 | AD18: =H18+H52 -> 118 | AE18: =I18+I52 -> 0 | ... AR18: =V18+V52 -> 1370
A19: ='Day-1'!A19 -> 21:00-22:00 | B19: 78 | C19: 23 | D19: 17 | E19: 16 | F19: 23 | G19: 15 | H19: 94 | I19: 0 | J19: 56 | K19: 7 | L19: 0 | M19: 0 | N19: 0 | O19: 0 | P19: 0 | Q19: =B19+C19+J19+K19+N19+O19 -> 164 | R19: =D19+E19+F19+G19+H19+I19+L19+M19+P19 -> 165 | S19: =Q19+R19 -> 329 | T19: =N19+O19 -> 0 | U19: =SUM(B19:P19) -> 329 | V19: =SUMPRODUCT(B19:P19,$B$7:$P$7) -> 760 | W19: =A19 -> 21:00-22:00 | X19: =B19+B53 -> 169 | Y19: =C19+C53 -> 42 | Z19: =D19+D53 -> 36 | AA19: =E19+E53 -> 38 | AB19: =F19+F53 -> 41 | AC19: =G19+G53 -> 40 | AD19: =H19+H53 -> 137 | AE19: =I19+I53 -> 0 | ... AR19: =V19+V53 -> 1341.5
A20: ='Day-1'!A20 -> 22:00-23:00 | B20: 49 | C20: 19 | D20: 8 | E20: 18 | F20: 15 | G20: 18 | H20: 99 | I20: 0 | J20: 51 | K20: 6 | L20: 0 | M20: 0 | N20: 0 | O20: 0 | P20: 0 | Q20: =B20+C20+J20+K20+N20+O20 -> 125 | R20: =D20+E20+F20+G20+H20+I20+L20+M20+P20 -> 158 | S20: =Q20+R20 -> 283 | T20: =N20+O20 -> 0 | U20: =SUM(B20:P20) -> 283 | V20: =SUMPRODUCT(B20:P20,$B$7:$P$7) -> 717 | W20: =A20 -> 22:00-23:00 | X20: =B20+B54 -> 128 | Y20: =C20+C54 -> 30 | Z20: =D20+D54 -> 25 | AA20: =E20+E54 -> 41 | AB20: =F20+F54 -> 21 | AC20: =G20+G54 -> 32 | AD20: =H20+H54 -> 158 | AE20: =I20+I54 -> 0 | ... AR20: =V20+V54 -> 1226
A21: ='Day-1'!A21 -> 23:00-00:00 | B21: 26 | C21: 9 | D21: 7 | E21: 16 | F21: 7 | G21: 11 | H21: 75 | I21: 0 | J21: 25 | K21: 2 | L21: 0 | M21: 0 | N21: 0 | O21: 0 | P21: 0 | Q21: =B21+C21+J21+K21+N21+O21 -> 62 | R21: =D21+E21+F21+G21+H21+I21+L21+M21+P21 -> 116 | S21: =Q21+R21 -> 178 | T21: =N21+O21 -> 0 | U21: =SUM(B21:P21) -> 178 | V21: =SUMPRODUCT(B21:P21,$B$7:$P$7) -> 490 | W21: =A21 -> 23:00-00:00 | X21: =B21+B55 -> 73 | Y21: =C21+C55 -> 12 | Z21: =D21+D55 -> 22 | AA21: =E21+E55 -> 30 | AB21: =F21+F55 -> 22 | AC21: =G21+G55 -> 24 | AD21: =H21+H55 -> 169 | AE21: =I21+I55 -> 0 | ... AR21: =V21+V55 -> 1108
... A33: ='Day-1'!A33 -> 11:00-12:00 | B33: 157 | C33: 26 | D33: 23 | E33: 25 | F33: 13 | G33: 17 | H33: 54 | I33: 0 | J33: 218 | K33: 51 | L33: 0 | M33: 4 | N33: 0 | O33: 0 | P33: 5 | Q33: =B33+C33+J33+K33+N33+O33 -> 452 | R33: =D33+E33+F33+G33+H33+I33+L33+M33+P33 -> 141 | S33: =Q33+R33 -> 593 | T33: =N33+O33 -> 0 | U33: =SUM(B33:P33) -> 593 | V33: =SUMPRODUCT(B33:P33,$B$7:$P$7) -> 829 | W33: =A33 -> 11:00-12:00 | X33: =B33+B67 -> 381 | Y33: =C33+C67 -> 51 | Z33: =D33+D67 -> 56 | AA33: =E33+E67 -> 50 | AB33: =F33+F67 -> 68 | AC33: =G33+G67 -> 49 | AD33: =H33+H67 -> 124 | AE33: =I33+I67 -> 0 | ... AR33: =V33+V67 -> 1974.5
A34: Total | B34: =SUM(B10:B33) -> 2389 | C34: =SUM(C10:C33) -> 451 | D34: =SUM(D10:D33) -> 396 | E34: =SUM(E10:E33) -> 522 | F34: =SUM(F10:F33) -> 362 | G34: =SUM(G10:G33) -> 431 | H34: =SUM(H10:H33) -> 1581 | I34: =SUM(I10:I33) -> 0 | ... V34: =SUM(V10:V33) -> 17017.5 | W34: Total | X34: =SUM(X10:X33) -> 4853 | Y34: =SUM(Y10:Y33) -> 923 | Z34: =SUM(Z10:Z33) -> 833 | AA34: =SUM(AA10:AA33) -> 1047 | AB34: =SUM(AB10:AB33) -> 774 | AC34: =SUM(AC10:AC33) -> 1081 | AD34: =SUM(AD10:AD33) -> 3022 | AE34: =SUM(AE10:AE33) -> 0 | ... AR34: =SUM(AR10:AR33) -> 33855
A38: Classified Traffic Volume Count Survey - DAY-2
A39: =A5 -> Location: | B39: =B5 -> Nathavalasa Toll Plaza | Q39: =Q5 -> Date: | R39: =R5 -> 45233
A40: Direction | B40: ='Day-1'!B40:V40 -> Anandapuram to Ranasthalam
A41: PCU | B41: 1 | C41: 3 | D41: 1 | E41: 1.5 | F41: 3 | G41: 3 | H41: 4.5 | I41: 4.5 | J41: 0.5 | K41: 1 | L41: 1.5 | M41: 4.5 | N41: 0.5 | O41: 2 | P41: 4.5
A42: Time | B42: Motorized Vehicles | N42: Non-Motorized
B43: Car, Jeep, Van& Taxi | C43: Bus | D43: LMV | E43: LCV | F43: 2Axle | G43: 3Axle | H43: 4-6Axle | I43: 7+ - Axle | J43: 2-Wheeler | K43: 3-Wheeler | L43: Tractor | M43: Tractor with trailor | N43: Cycle | O43: Rickshaw | P43: EME & HCM | Q43: Passenger Vehicles | R43: Freight Vehicles | S43: Total Fast Moving Vehicles | T43: Total Slow Moving Vehicles | U43: Total Vehicles | V43: Total PCU
A44: =A10 -> 12:00-13:00 | B44: 129 | C44: 18 | D44: 29 | E44: 25 | F44: 22 | G44: 27 | H44: 62 | I44: 0 | J44: 133 | K44: 45 | L44: 0 | M44: 4 | N44: 0 | O44: 0 | P44: 0 | Q44: =B44+C44+J44+K44+N44+O44 -> 325 | R44: =D44+E44+F44+G44+H44+I44+L44+M44+P44 -> 169 | S44: =Q44+R44 -> 494 | T44: =N44+O44 -> 0 | U44: =SUM(B44:P44) -> 494 | V44: =SUMPRODUCT(B44:P44,$B$7:$P$7) -> 805
A45: =A11 -> 13:00-14:00 | B45: 124 | C45: 23 | D45: 21 | E45: 23 | F45: 25 | G45: 16 | H45: 42 | I45: 0 | J45: 120 | K45: 46 | L45: 0 | M45: 0 | N45: 0 | O45: 0 | P45: 0 | Q45: =B45+C45+J45+K45+N45+O45 -> 313 | R45: =D45+E45+F45+G45+H45+I45+L45+M45+P45 -> 127 | S45: =Q45+R45 -> 440 | T45: =N45+O45 -> 0 | U45: =SUM(B45:P45) -> 440 | V45: =SUMPRODUCT(B45:P45,$B$7:$P$7) -> 666.5
A46: =A12 -> 14:00-15:00 | B46: 150 | C46: 19 | D46: 31 | E46: 30 | F46: 12 | G46: 25 | H46: 43 | I46: 0 | J46: 89 | K46: 31 | L46: 0 | M46: 2 | N46: 0 | O46: 0 | P46: 0 | Q46: =B46+C46+J46+K46+N46+O46 -> 289 | R46: =D46+E46+F46+G46+H46+I46+L46+M46+P46 -> 143 | S46: =Q46+R46 -> 432 | T46: =N46+O46 -> 0 | U46: =SUM(B46:P46) -> 432 | V46: =SUMPRODUCT(B46:P46,$B$7:$P$7) -> 672
A47: =A13 -> 15:00-16:00 | B47: 175 | C47: 24 | D47: 26 | E47: 28 | F47: 27 | G47: 50 | H47: 56 | I47: 0 | J47: 91 | K47: 31 | L47: 0 | M47: 5 | N47: 0 | O47: 0 | P47: 0 | Q47: =B47+C47+J47+K47+N47+O47 -> 321 | R47: =D47+E47+F47+G47+H47+I47+L47+M47+P47 -> 192 | S47: =Q47+R47 -> 513 | T47: =N47+O47 -> 0 | U47: =SUM(B47:P47) -> 513 | V47: =SUMPRODUCT(B47:P47,$B$7:$P$7) -> 897
A48: =A14 -> 16:00-17:00 | B48: 163 | C48: 30 | D48: 19 | E48: 30 | F48: 22 | G48: 27 | H48: 64 | I48: 0 | J48: 140 | K48: 32 | L48: 4 | M48: 4 | N48: 0 | O48: 0 | P48: 0 | Q48: =B48+C48+J48+K48+N48+O48 -> 365 | R48: =D48+E48+F48+G48+H48+I48+L48+M48+P48 -> 170 | S48: =Q48+R48 -> 535 | T48: =N48+O48 -> 0 | U48: =SUM(B48:P48) -> 535 | V48: =SUMPRODUCT(B48:P48,$B$7:$P$7) -> 878
A49: =A15 -> 17:00-18:00 | B49: 169 | C49: 24 | D49: 23 | E49: 27 | F49: 14 | G49: 27 | H49: 57 | I49: 0 | J49: 225 | K49: 38 | L49: 0 | M49: 3 | N49: 0 | O49: 0 | P49: 0 | Q49: =B49+C49+J49+K49+N49+O49 -> 456 | R49: =D49+E49+F49+G49+H49+I49+L49+M49+P49 -> 151 | S49: =Q49+R49 -> 607 | T49: =N49+O49 -> 0 | U49: =SUM(B49:P49) -> 607 | V49: =SUMPRODUCT(B49:P49,$B$7:$P$7) -> 848
A50: =A16 -> 18:00-19:00 | B50: 131 | C50: 26 | D50: 19 | E50: 27 | F50: 17 | G50: 31 | H50: 67 | I50: 0 | J50: 160 | K50: 25 | L50: 0 | M50: 0 | N50: 0 | O50: 0 | P50: 0 | Q50: =B50+C50+J50+K50+N50+O50 -> 342 | R50: =D50+E50+F50+G50+H50+I50+L50+M50+P50 -> 161 | S50: =Q50+R50 -> 503 | T50: =N50+O50 -> 0 | U50: =SUM(B50:P50) -> 503 | V50: =SUMPRODUCT(B50:P50,$B$7:$P$7) -> 819
A51: =A17 -> 19:00-20:00 | B51: 106 | C51: 21 | D51: 13 | E51: 26 | F51: 11 | G51: 19 | H51: 42 | I51: 0 | J51: 228 | K51: 15 | L51: 0 | M51: 0 | N51: 0 | O51: 0 | P51: 0 | Q51: =B51+C51+J51+K51+N51+O51 -> 370 | R51: =D51+E51+F51+G51+H51+I51+L51+M51+P51 -> 111 | S51: =Q51+R51 -> 481 | T51: =N51+O51 -> 0 | U51: =SUM(B51:P51) -> 481 | V51: =SUMPRODUCT(B51:P51,$B$7:$P$7) -> 629
A52: =A18 -> 20:00-21:00 | B52: 99 | C52: 11 | D52: 19 | E52: 27 | F52: 21 | G52: 15 | H52: 40 | I52: 0 | J52: 137 | K52: 12 | L52: 0 | M52: 0 | N52: 0 | O52: 0 | P52: 0 | Q52: =B52+C52+J52+K52+N52+O52 -> 259 | R52: =D52+E52+F52+G52+H52+I52+L52+M52+P52 -> 122 | S52: =Q52+R52 -> 381 | T52: =N52+O52 -> 0 | U52: =SUM(B52:P52) -> 381 | V52: =SUMPRODUCT(B52:P52,$B$7:$P$7) -> 560
A53: =A19 -> 21:00-22:00 | B53: 91 | C53: 19 | D53: 19 | E53: 22 | F53: 18 | G53: 25 | H53: 43 | I53: 0 | J53: 82 | K53: 9 | L53: 0 | M53: 2 | N53: 0 | O53: 0 | P53: 0 | Q53: =B53+C53+J53+K53+N53+O53 -> 201 | R53: =D53+E53+F53+G53+H53+I53+L53+M53+P53 -> 129 | S53: =Q53+R53 -> 330 | T53: =N53+O53 -> 0 | U53: =SUM(B53:P53) -> 330 | V53: =SUMPRODUCT(B53:P53,$B$7:$P$7) -> 581.5
A54: =A20 -> 22:00-23:00 | B54: 79 | C54: 11 | D54: 17 | E54: 23 | F54: 6 | G54: 14 | H54: 59 | I54: 0 | J54: 28 | K54: 6 | L54: 0 | M54: 0 | N54: 0 | O54: 0 | P54: 0 | Q54: =B54+C54+J54+K54+N54+O54 -> 124 | R54: =D54+E54+F54+G54+H54+I54+L54+M54+P54 -> 119 | S54: =Q54+R54 -> 243 | T54: =N54+O54 -> 0 | U54: =SUM(B54:P54) -> 243 | V54: =SUMPRODUCT(B54:P54,$B$7:$P$7) -> 509
A55: =A21 -> 23:00-00:00 | B55: 47 | C55: 3 | D55: 15 | E55: 14 | F55: 15 | G55: 13 | H55: 94 | I55: 0 | J55: 38 | K55: 0 | L55: 0 | M55: 0 | N55: 0 | O55: 0 | P55: 0 | Q55: =B55+C55+J55+K55+N55+O55 -> 88 | R55: =D55+E55+F55+G55+H55+I55+L55+M55+P55 -> 151 | S55: =Q55+R55 -> 239 | T55: =N55+O55 -> 0 | U55: =SUM(B55:P55) -> 239 | V55: =SUMPRODUCT(B55:P55,$B$7:$P$7) -> 618
... A67: =A33 -> 11:00-12:00 | B67: 224 | C67: 25 | D67: 33 | E67: 25 | F67: 55 | G67: 32 | H67: 70 | I67: 0 | J67: 233 | K67: 43 | L67: 0 | M67: 9 | N67: 0 | O67: 0 | P67: 0 | Q67: =B67+C67+J67+K67+N67+O67 -> 525 | R67: =D67+E67+F67+G67+H67+I67+L67+M67+P67 -> 224 | S67: =Q67+R67 -> 749 | T67: =N67+O67 -> 0 | U67: =SUM(B67:P67) -> 749 | V67: =SUMPRODUCT(B67:P67,$B$7:$P$7) -> 1145.5
A68: Total | B68: 2324 | C68: 434 | D68: 405 | E68: 484 | F68: 381 | G68: 607 | H68: 1352 | I68: 0 | J68: 2459 | K68: 463 | L68: 3 | M68: 36 | N68: 5 | O68: 0 | P68: 2 | Q68: =SUM(Q44:Q67) -> 6053 | R68: =SUM(R44:R67) -> 3524 | S68: =SUM(S44:S67) -> 9577 | T68: =SUM(T44:T67) -> 10 | U68: =SUM(U44:U67) -> 9577 | V68: =SUM(V44:V67) -> 16837.5

Sheet Day-3
A4: Classified Traffic Volume Count Survey - DAY-3 | W4: Classified Traffic Volume Count Survey - DAY-3
A5: Location: | B5: ='Day-2'!B5:P5 -> Nathavalasa Toll Plaza | Q5: Date: | R5: 45234 | W5: =A5 -> Location: | X5: =B5 -> Nathavalasa Toll Plaza | AJ5: =Q5 -> Date: | AK5: =R5 -> 45234
A6: Direction : | B6: ='Day-2'!B6:V6 -> Ranasthalam to Anandapuram | W6: Direction : Both Directions
A7: PCU | B7: 1 | C7: 3 | D7: 1 | E7: 1.5 | F7: 3 | G7: 3 | H7: 4.5 | I7: 4.5 | J7: 0.5 | K7: 1 | L7: 1.5 | M7: 4.5 | N7: 0.5 | O7: 2 | P7: 4.5 | W7: PCU | X7: 1 | Y7: 3 | Z7: 1 | AA7: 1.5 | AB7: 3 | AC7: 3 | AD7: 4.5 | AE7: 4.5 | AF7: 0.5 | AG7: 1 | AH7: 1.5 | AI7: 4.5 | AJ7: 0.5 | AK7: 2 | AL7: 4.5
A8: Time | B8: Motorized Vehicles | N8: Non- Motorized | W8: Time | X8: Motorized Vehicles | AJ8: Non Motorized
B9: Car, Jeep, Van& Taxi | C9: Bus | D9: LMV | E9: LCV | F9: 2Axle | G9: 3Axle | H9: 4-6Axle | I9: 7+ - Axle | J9: 2-Wheeler | K9: 3-Wheeler | L9: Tractor | M9: Tractor with trailor | N9: Cycle | O9: Rickshaw | P9: EME & HCM | Q9: Passenger Vehicles | R9: Freight Vehicles | S9: Total Fast Moving Vehicles | T9: Total Slow Moving Vehicles | U9: Total Vehicles | V9: Total PCU | X9: Car, Jeep, Van& Taxi | Y9: Bus | Z9: LMV | AA9: LCV | AB9: 2Axle | AC9: 3Axle | AD9: 4-6Axle | AE9: 7+ - Axle | AF9: 2-Wheeler | AG9: 3-Wheeler | AH9: Tractor | AI9: Tractor with trailor | AJ9: Cycle | AK9: Rickshaw | AL9: EME & HCM | AM9: Passenger Vehicles | AN9: Freight Vehicles | AO9: Total Fast Moving Vehicles | AP9: Total Slow Moving Vehicles | AQ9: Total Vehicles | AR9: Total PCU
A10: ='Day-2'!A10 -> 12:00-13:00 | B10: 127 | C10: 24 | D10: 17 | E10: 25 | F10: 9 | G10: 14 | H10: 60 | I10: 0 | J10: 157 | K10: 45 | L10: 0 | M10: 5 | N10: 0 | O10: 0 | P10: 0 | Q10: =B10+C10+J10+K10+N10+O10 -> 353 | R10: =D10+E10+F10+G10+H10+I10+L10+M10+P10 -> 130 | S10: =Q10+R10 -> 483 | T10: =N10+O10 -> 0 | U10: =SUM(B10:P10) -> 483 | V10: =SUMPRODUCT(B10:P10,$B$7:$P$7) -> 738.5 | W10: =A10 -> 12:00-13:00 | X10: =B10+B44 -> 294 | Y10: =C10+C44 -> 46 | Z10: =D10+D44 -> 44 | AA10: =E10+E44 -> 39 | AB10: =F10+F44 -> 20 | AC10: =G10+G44 -> 39 | AD10: =H10+H44 -> 125 | AE10: =I10+I44 -> 0 | ... AR10: =V10+V44 -> 1553.5
A11: ='Day-2'!A11 -> 13:00-14:00 | B11: 98 | C11: 19 | D11: 22 | E11: 26 | F11: 7 | G11: 17 | H11: 57 | I11: 0 | J11: 129 | K11: 30 | L11: 0 | M11: 2 | N11: 0 | O11: 0 | P11: 0 | Q11: =B11+C11+J11+K11+N11+O11 -> 276 | R11: =D11+E11+F11+G11+H11+I11+L11+M11+P11 -> 131 | S11: =Q11+R11 -> 407 | T11: =N11+O11 -> 0 | U11: =SUM(B11:P11) -> 407 | V11: =SUMPRODUCT(B11:P11,$B$7:$P$7) -> 648 | W11: =A11 -> 13:00-14:00 | X11: =B11+B45 -> 196 | Y11: =C11+C45 -> 48 | Z11: =D11+D45 -> 38 | AA11: =E11+E45 -> 45 | AB11: =F11+F45 -> 21 | AC11: =G11+G45 -> 32 | AD11: =H11+H45 -> 136 | AE11: =I11+I45 -> 0 | ... AR11: =V11+V45 -> 1459
A12: ='Day-2'!A12 -> 14:00-15:00 | B12: 121 | C12: 27 | D12: 15 | E12: 17 | F12: 12 | G12: 13 | H12: 56 | I12: 0 | J12: 140 | K12: 32 | L12: 0 | M12: 2 | N12: 0 | O12: 2 | P12: 2 | Q12: =B12+C12+J12+K12+N12+O12 -> 322 | R12: =D12+E12+F12+G12+H12+I12+L12+M12+P12 -> 117 | S12: =Q12+R12 -> 439 | T12: =N12+O12 -> 2 | U12: =SUM(B12:P12) -> 439 | V12: =SUMPRODUCT(B12:P12,$B$7:$P$7) -> 693.5 | W12: =A12 -> 14:00-15:00 | X12: =B12+B46 -> 210 | Y12: =C12+C46 -> 56 | Z12: =D12+D46 -> 39 | AA12: =E12+E46 -> 36 | AB12: =F12+F46 -> 18 | AC12: =G12+G46 -> 35 | AD12: =H12+H46 -> 141 | AE12: =I12+I46 -> 0 | ... AR12: =V12+V46 -> 1520.5
A13: ='Day-2'!A13 -> 15:00-16:00 | B13: 167 | C13: 26 | D13: 29 | E13: 21 | F13: 14 | G13: 14 | H13: 59 | I13: 0 | J13: 178 | K13: 34 | L13: 0 | M13: 4 | N13: 0 | O13: 3 | P13: 0 | Q13: =B13+C13+J13+K13+N13+O13 -> 408 | R13: =D13+E13+F13+G13+H13+I13+L13+M13+P13 -> 141 | S13: =Q13+R13 -> 549 | T13: =N13+O13 -> 3 | U13: =SUM(B13:P13) -> 549 | V13: =SUMPRODUCT(B13:P13,$B$7:$P$7) -> 802 | W13: =A13 -> 15:00-16:00 | X13: =B13+B47 -> 348 | Y13: =C13+C47 -> 55 | Z13: =D13+D47 -> 41 | AA13: =E13+E47 -> 36 | AB13: =F13+F47 -> 27 | AC13: =G13+G47 -> 29 | AD13: =H13+H47 -> 148 | AE13: =I13+I47 -> 0 | ... AR13: =V13+V47 -> 1739.5
A14: ='Day-2'!A14 -> 16:00-17:00 | B14: 159 | C14: 32 | D14: 24 | E14: 23 | F14: 13 | G14: 26 | H14: 55 | I14: 0 | J14: 208 | K14: 50 | L14: 0 | M14: 3 | N14: 0 | O14: 0 | P14: 0 | Q14: =B14+C14+J14+K14+N14+O14 -> 449 | R14: =D14+E14+F14+G14+H14+I14+L14+M14+P14 -> 144 | S14: =Q14+R14 -> 593 | T14: =N14+O14 -> 0 | U14: =SUM(B14:P14) -> 593 | V14: =SUMPRODUCT(B14:P14,$B$7:$P$7) -> 845.5 | W14: =A14 -> 16:00-17:00 | X14: =B14+B48 -> 364 | Y14: =C14+C48 -> 57 | Z14: =D14+D48 -> 33 | AA14: =E14+E48 -> 34 | AB14: =F14+F48 -> 30 | AC14: =G14+G48 -> 40 | AD14: =H14+H48 -> 110 | AE14: =I14+I48 -> 0 | ... AR14: =V14+V48 -> 1662.5
A15: ='Day-2'!A15 -> 17:00-18:00 | B15: 185 | C15: 30 | D15: 15 | E15: 17 | F15: 12 | G15: 33 | H15: 64 | I15: 0 | J15: 254 | K15: 42 | L15: 0 | M15: 3 | N15: 0 | O15: 0 | P15: 0 | Q15: =B15+C15+J15+K15+N15+O15 -> 511 | R15: =D15+E15+F15+G15+H15+I15+L15+M15+P15 -> 144 | S15: =Q15+R15 -> 655 | T15: =N15+O15 -> 0 | U15: =SUM(B15:P15) -> 655 | V15: =SUMPRODUCT(B15:P15,$B$7:$P$7) -> 921 | W15: =A15 -> 17:00-18:00 | X15: =B15+B49 -> 395 | Y15: =C15+C49 -> 71 | Z15: =D15+D49 -> 26 | AA15: =E15+E49 -> 44 | AB15: =F15+F49 -> 20 | AC15: =G15+G49 -> 47 | AD15: =H15+H49 -> 146 | AE15: =I15+I49 -> 0 | ... AR15: =V15+V49 -> 1905.5
A16: ='Day-2'!A16 -> 18:00-19:00 | B16: 203 | C16: 32 | D16: 27 | E16: 24 | F16: 7 | G16: 26 | H16: 86 | I16: 0 | J16: 261 | K16: 32 | L16: 2 | M16: 6 | N16: 0 | O16: 0 | P16: 0 | Q16: =B16+C16+J16+K16+N16+O16 -> 528 | R16: =D16+E16+F16+G16+H16+I16+L16+M16+P16 -> 178 | S16: =Q16+R16 -> 706 | T16: =N16+O16 -> 0 | U16: =SUM(B16:P16) -> 706 | V16: =SUMPRODUCT(B16:P16,$B$7:$P$7) -> 1040.5 | W16: =A16 -> 18:00-19:00 | X16: =B16+B50 -> 340 | Y16: =C16+C50 -> 53 | Z16: =D16+D50 -> 41 | AA16: =E16+E50 -> 40 | AB16: =F16+F50 -> 19 | AC16: =G16+G50 -> 32 | AD16: =H16+H50 -> 143 | AE16: =I16+I50 -> 0 | ... AR16: =V16+V50 -> 1750
A17: ='Day-2'!A17 -> 19:00-20:00 | B17: 112 | C17: 28 | D17: 22 | E17: 35 | F17: 21 | G17: 33 | H17: 64 | I17: 0 | J17: 170 | K17: 28 | L17: 0 | M17: 2 | N17: 0 | O17: 0 | P17: 0 | Q17: =B17+C17+J17+K17+N17+O17 -> 338 | R17: =D17+E17+F17+G17+H17+I17+L17+M17+P17 -> 177 | S17: =Q17+R17 -> 515 | T17: =N17+O17 -> 0 | U17: =SUM(B17:P17) -> 515 | V17: =SUMPRODUCT(B17:P17,$B$7:$P$7) -> 842.5 | W17: =A17 -> 19:00-20:00 | X17: =B17+B51 -> 270 | Y17: =C17+C51 -> 52 | Z17: =D17+D51 -> 32 | AA17: =E17+E51 -> 66 | AB17: =F17+F51 -> 36 | AC17: =G17+G51 -> 50 | AD17: =H17+H51 -> 134 | AE17: =I17+I51 -> 0 | ... AR17: =V17+V51 -> 1718.5
A18: ='Day-2'!A18 -> 20:00-21:00 | B18: 138 | C18: 27 | D18: 18 | E18: 33 | F18: 22 | G18: 25 | H18: 74 | I18: 0 | J18: 158 | K18: 11 | L18: 0 | M18: 7 | N18: 0 | O18: 0 | P18: 0 | Q18: =B18+C18+J18+K18+N18+O18 -> 334 | R18: =D18+E18+F18+G18+H18+I18+L18+M18+P18 -> 179 | S18: =Q18+R18 -> 513 | T18: =N18+O18 -> 0 | U18: =SUM(B18:P18) -> 513 | V18: =SUMPRODUCT(B18:P18,$B$7:$P$7) -> 882 | W18: =A18 -> 20:00-21:00 | X18: =B18+B52 -> 364 | Y18: =C18+C52 -> 56 | Z18: =D18+D52 -> 42 | AA18: =E18+E52 -> 66 | AB18: =F18+F52 -> 48 | AC18: =G18+G52 -> 49 | AD18: =H18+H52 -> 150 | AE18: =I18+I52 -> 0 | ... AR18: =V18+V52 -> 1912.5
A19: ='Day-2'!A19 -> 21:00-22:00 | B19: 82 | C19: 25 | D19: 24 | E19: 28 | F19: 15 | G19: 31 | H19: 71 | I19: 0 | J19: 87 | K19: 11 | L19: 0 | M19: 0 | N19: 0 | O19: 0 | P19: 0 | Q19: =B19+C19+J19+K19+N19+O19 -> 205 | R19: =D19+E19+F19+G19+H19+I19+L19+M19+P19 -> 169 | S19: =Q19+R19 -> 374 | T19: =N19+O19 -> 0 | U19: =SUM(B19:P19) -> 374 | V19: =SUMPRODUCT(B19:P19,$B$7:$P$7) -> 735 | W19: =A19 -> 21:00-22:00 | X19: =B19+B53 -> 227 | Y19: =C19+C53 -> 43 | Z19: =D19+D53 -> 43 | AA19: =E19+E53 -> 45 | AB19: =F19+F53 -> 28 | AC19: =G19+G53 -> 43 | AD19: =H19+H53 -> 155 | AE19: =I19+I53 -> 0 | ... AR19: =V19+V53 -> 1545
A20: ='Day-2'!A20 -> 22:00-23:00 | B20: 32 | C20: 21 | D20: 14 | E20: 29 | F20: 11 | G20: 22 | H20: 57 | I20: 0 | J20: 66 | K20: 9 | L20: 0 | M20: 0 | N20: 0 | O20: 0 | P20: 0 | Q20: =B20+C20+J20+K20+N20+O20 -> 128 | R20: =D20+E20+F20+G20+H20+I20+L20+M20+P20 -> 133 | S20: =Q20+R20 -> 261 | T20: =N20+O20 -> 0 | U20: =SUM(B20:P20) -> 261 | V20: =SUMPRODUCT(B20:P20,$B$7:$P$7) -> 550 | W20: =A20 -> 22:00-23:00 | X20: =B20+B54 -> 118 | Y20: =C20+C54 -> 30 | Z20: =D20+D54 -> 42 | AA20: =E20+E54 -> 51 | AB20: =F20+F54 -> 54 | AC20: =G20+G54 -> 44 | AD20: =H20+H54 -> 122 | AE20: =I20+I54 -> 0 | ... AR20: =V20+V54 -> 1283.5
A21: ='Day-2'!A21 -> 23:00-00:00 | B21: 38 | C21: 11 | D21: 12 | E21: 21 | F21: 6 | G21: 24 | H21: 69 | I21: 0 | J21: 28 | K21: 4 | L21: 0 | M21: 0 | N21: 0 | O21: 0 | P21: 0 | Q21: =B21+C21+J21+K21+N21+O21 -> 81 | R21: =D21+E21+F21+G21+H21+I21+L21+M21+P21 -> 132 | S21: =Q21+R21 -> 213 | T21: =N21+O21 -> 0 | U21: =SUM(B21:P21) -> 213 | V21: =SUMPRODUCT(B21:P21,$B$7:$P$7) -> 533 | W21: =A21 -> 23:00-00:00 | X21: =B21+B55 -> 101 | Y21: =C21+C55 -> 15 | Z21: =D21+D55 -> 23 | AA21: =E21+E55 -> 34 | AB21: =F21+F55 -> 18 | AC21: =G21+G55 -> 46 | AD21: =H21+H55 -> 134 | AE21: =I21+I55 -> 0 | ... AR21: =V21+V55 -> 1065
... A33: ='Day-2'!A33 -> 11:00-12:00 | B33: 191 | C33: 30 | D33: 34 | E33: 13 | F33: 14 | G33: 19 | H33: 67 | I33: 0 | J33: 201 | K33: 65 | L33: 0 | M33: 10 | N33: 0 | O33: 0 | P33: 0 | Q33: =B33+C33+J33+K33+N33+O33 -> 487 | R33: =D33+E33+F33+G33+H33+I33+L33+M33+P33 -> 157 | S33: =Q33+R33 -> 644 | T33: =N33+O33 -> 0 | U33: =SUM(B33:P33) -> 644 | V33: =SUMPRODUCT(B33:P33,$B$7:$P$7) -> 945.5 | W33: =A33 -> 11:00-12:00 | X33: =B33+B67 -> 371 | Y33: =C33+C67 -> 46 | Z33: =D33+D67 -> 45 | AA33: =E33+E67 -> 35 | AB33: =F33+F67 -> 31 | AC33: =G33+G67 -> 52 | AD33: =H33+H67 -> 135 | AE33: =I33+I67 -> 0 | ... AR33: =V33+V67 -> 1853.5
A34: Total | B34: =SUM(B10:B33) -> 2490 | C34: =SUM(C10:C33) -> 465 | D34: =SUM(D10:D33) -> 429 | E34: =SUM(E10:E33) -> 530 | F34: =SUM(F10:F33) -> 280 | G34: =SUM(G10:G33) -> 529 | H34: =SUM(H10:H33) -> 1556 | I34: =SUM(I10:I33) -> 0 | ... V34: =SUM(V10:V33) -> 17218.5 | W34: Total | X34: =SUM(X10:X33) -> 5397 | Y34: =SUM(Y10:Y33) -> 970 | Z34: =SUM(Z10:Z33) -> 791 | AA34: =SUM(AA10:AA33) -> 979 | AB34: =SUM(AB10:AB33) -> 671 | AC34: =SUM(AC10:AC33) -> 1085 | AD34: =SUM(AD10:AD33) -> 3335 | AE34: =SUM(AE10:AE33) -> 0 | ... AR34: =SUM(AR10:AR33) -> 35868.5
A38: Classified Traffic Volume Count Survey - DAY-3
A39: =A5 -> Location: | B39: =B5 -> Nathavalasa Toll Plaza | Q39: =Q5 -> Date: | R39: =R5 -> 45234
A40: Direction : | B40: ='Day-2'!B40:V40 -> Anandapuram to Ranasthalam
A41: PCU | B41: 1 | C41: 3 | D41: 1 | E41: 1.5 | F41: 3 | G41: 3 | H41: 4.5 | I41: 4.5 | J41: 0.5 | K41: 1 | L41: 1.5 | M41: 4.5 | N41: 0.5 | O41: 2 | P41: 4.5
A42: Time | B42: Motorized Vehicles | N42: Non- Motorized
B43: Car, Jeep, Van& Taxi | C43: Bus | D43: LMV | E43: LCV | F43: 2Axle | G43: 3Axle | H43: 4-6Axle | I43: 7+ - Axle | J43: 2-Wheeler | K43: 3-Wheeler | L43: Tractor | M43: Tractor with trailor | N43: Cycle | O43: Rickshaw | P43: EME & HCM | Q43: Passenger Vehicles | R43: Freight Vehicles | S43: Total Fast Moving Vehicles | T43: Total Slow Moving Vehicles | U43: Total Vehicles | V43: Total PCU
A44: =A10 -> 12:00-13:00 | B44: 167 | C44: 22 | D44: 27 | E44: 14 | F44: 11 | G44: 25 | H44: 65 | I44: 0 | J44: 162 | K44: 30 | L44: 0 | M44: 5 | N44: 0 | O44: 0 | P44: 0 | Q44: 0 | R44: 0 | S44: =Q44+R44 -> 0 | T44: =N44+O44 -> 0 | U44: =SUM(B44:P44) -> 528 | V44: =SUMPRODUCT(B44:P44,$B$7:$P$7) -> 815
A45: =A11 -> 13:00-14:00 | B45: 98 | C45: 29 | D45: 16 | E45: 19 | F45: 14 | G45: 15 | H45: 79 | I45: 0 | J45: 176 | K45: 33 | L45: 0 | M45: 4 | N45: 0 | O45: 0 | P45: 0 | Q45: 0 | R45: 0 | S45: =Q45+R45 -> 0 | T45: =N45+O45 -> 0 | U45: =SUM(B45:P45) -> 483 | V45: =SUMPRODUCT(B45:P45,$B$7:$P$7) -> 811
A46: =A12 -> 14:00-15:00 | B46: 89 | C46: 29 | D46: 24 | E46: 19 | F46: 6 | G46: 22 | H46: 85 | I46: 0 | J46: 198 | K46: 29 | L46: 2 | M46: 0 | N46: 2 | O46: 0 | P46: 0 | Q46: 0 | R46: 0 | S46: =Q46+R46 -> 0 | T46: =N46+O46 -> 2 | U46: =SUM(B46:P46) -> 505 | V46: =SUMPRODUCT(B46:P46,$B$7:$P$7) -> 827
A47: =A13 -> 15:00-16:00 | B47: 181 | C47: 29 | D47: 12 | E47: 15 | F47: 13 | G47: 15 | H47: 89 | I47: 0 | J47: 194 | K47: 28 | L47: 2 | M47: 5 | N47: 0 | O47: 0 | P47: 0 | Q47: 0 | R47: 0 | S47: =Q47+R47 -> 0 | T47: =N47+O47 -> 0 | U47: =SUM(B47:P47) -> 583 | V47: =SUMPRODUCT(B47:P47,$B$7:$P$7) -> 937.5
A48: =A14 -> 16:00-17:00 | B48: 205 | C48: 25 | D48: 9 | E48: 11 | F48: 17 | G48: 14 | H48: 55 | I48: 0 | J48: 194 | K48: 56 | L48: 0 | M48: 4 | N48: 0 | O48: 0 | P48: 0 | Q48: 0 | R48: 0 | S48: =Q48+R48 -> 0 | T48: =N48+O48 -> 0 | U48: =SUM(B48:P48) -> 590 | V48: =SUMPRODUCT(B48:P48,$B$7:$P$7) -> 817
A49: =A15 -> 17:00-18:00 | B49: 210 | C49: 41 | D49: 11 | E49: 27 | F49: 8 | G49: 14 | H49: 82 | I49: 0 | J49: 175 | K49: 40 | L49: 4 | M49: 7 | N49: 0 | O49: 0 | P49: 0 | Q49: 0 | R49: 1 | S49: =Q49+R49 -> 1 | T49: =N49+O49 -> 0 | U49: =SUM(B49:P49) -> 619 | V49: =SUMPRODUCT(B49:P49,$B$7:$P$7) -> 984.5
A50: =A16 -> 18:00-19:00 | B50: 137 | C50: 21 | D50: 14 | E50: 16 | F50: 12 | G50: 6 | H50: 57 | I50: 0 | J50: 198 | K50: 26 | L50: 0 | M50: 7 | N50: 0 | O50: 0 | P50: 1 | Q50: 9 | R50: 0 | S50: =Q50+R50 -> 9 | T50: =N50+O50 -> 0 | U50: =SUM(B50:P50) -> 495 | V50: =SUMPRODUCT(B50:P50,$B$7:$P$7) -> 709.5
A51: =A17 -> 19:00-20:00 | B51: 158 | C51: 24 | D51: 10 | E51: 31 | F51: 15 | G51: 17 | H51: 70 | I51: 0 | J51: 281 | K51: 26 | L51: 8 | M51: 0 | N51: 0 | O51: 0 | P51: 0 | Q51: 0 | R51: 2 | S51: =Q51+R51 -> 2 | T51: =N51+O51 -> 0 | U51: =SUM(B51:P51) -> 640 | V51: =SUMPRODUCT(B51:P51,$B$7:$P$7) -> 876
A52: =A18 -> 20:00-21:00 | B52: 226 | C52: 29 | D52: 24 | E52: 33 | F52: 26 | G52: 24 | H52: 76 | I52: 0 | J52: 244 | K52: 24 | L52: 4 | M52: 0 | N52: 0 | O52: 0 | P52: 0 | Q52: 0 | R52: 0 | S52: =Q52+R52 -> 0 | T52: =N52+O52 -> 0 | U52: =SUM(B52:P52) -> 710 | V52: =SUMPRODUCT(B52:P52,$B$7:$P$7) -> 1030.5
A53: =A19 -> 21:00-22:00 | B53: 145 | C53: 18 | D53: 19 | E53: 17 | F53: 13 | G53: 12 | H53: 84 | I53: 0 | J53: 174 | K53: 10 | L53: 2 | M53: 3 | N53: 0 | O53: 0 | P53: 0 | Q53: 0 | R53: 0 | S53: =Q53+R53 -> 0 | T53: =N53+O53 -> 0 | U53: =SUM(B53:P53) -> 497 | V53: =SUMPRODUCT(B53:P53,$B$7:$P$7) -> 810
A54: =A20 -> 22:00-23:00 | B54: 86 | C54: 9 | D54: 28 | E54: 22 | F54: 43 | G54: 22 | H54: 65 | I54: 0 | J54: 94 | K54: 7 | L54: 0 | M54: 4 | N54: 0 | O54: 0 | P54: 0 | Q54: 0 | R54: 0 | S54: =Q54+R54 -> 0 | T54: =N54+O54 -> 0 | U54: =SUM(B54:P54) -> 380 | V54: =SUMPRODUCT(B54:P54,$B$7:$P$7) -> 733.5
A55: =A21 -> 23:00-00:00 | B55: 63 | C55: 4 | D55: 11 | E55: 13 | F55: 12 | G55: 22 | H55: 65 | I55: 0 | J55: 46 | K55: 0 | L55: 0 | M55: 2 | N55: 0 | O55: 0 | P55: 0 | Q55: 0 | R55: 2 | S55: =Q55+R55 -> 2 | T55: =N55+O55 -> 0 | U55: =SUM(B55:P55) -> 238 | V55: =SUMPRODUCT(B55:P55,$B$7:$P$7) -> 532
... A67: =A33 -> 11:00-12:00 | B67: 180 | C67: 16 | D67: 11 | E67: 22 | F67: 17 | G67: 33 | H67: 68 | I67: 0 | J67: 200 | K67: 62 | L67: 0 | M67: 4 | N67: 0 | O67: 0 | P67: 0 | Q67: 0 | R67: 1 | S67: =Q67+R67 -> 1 | T67: =N67+O67 -> 0 | U67: =SUM(B67:P67) -> 613 | V67: =SUMPRODUCT(B67:P67,$B$7:$P$7) -> 908
A68: Total | B68: =SUM(B44:B67) -> 2907 | C68: =SUM(C44:C67) -> 505 | D68: =SUM(D44:D67) -> 362 | E68: =SUM(E44:E67) -> 449 | F68: =SUM(F44:F67) -> 391 | G68: =SUM(G44:G67) -> 556 | H68: =SUM(H44:H67) -> 1779 | I68: =SUM(I44:I67) -> 0 | ... V68: =SUM(V44:V67) -> 18650

Sheet Day-4
A4: Classified Traffic Volume Count Survey - DAY-4 | W4: Classified Traffic Volume Count Survey - DAY-4
A5: Location: | B5: ='Day-3'!B5:P5 -> Nathavalasa Toll Plaza | Q5: Date: | R5: 45235 | W5: =A5 -> Location: | X5: =B5 -> Nathavalasa Toll Plaza | AJ5: =Q5 -> Date: | AK5: =R5 -> 45235
A6: Direction : | B6: ='Day-3'!B6:V6 -> Ranasthalam to Anandapuram | W6: Direction : Both Directions
A7: PCU | B7: 1 | C7: 3 | D7: 1 | E7: 1.5 | F7: 3 | G7: 3 | H7: 4.5 | I7: 4.5 | J7: 0.5 | K7: 1 | L7: 1.5 | M7: 4.5 | N7: 0.5 | O7: 2 | P7: 4.5 | W7: PCU | X7: 1 | Y7: 3 | Z7: 1 | AA7: 1.5 | AB7: 3 | AC7: 3 | AD7: 4.5 | AE7: 4.5 | AF7: 0.5 | AG7: 1 | AH7: 1.5 | AI7: 4.5 | AJ7: 0.5 | AK7: 2 | AL7: 4.5
A8: Time | B8: Motorized Vehicles | N8: Non Motorized | W8: Time | X8: Motorized Vehicles | AJ8: Non Motorized
B9: Car, Jeep, Van& Taxi | C9: Bus | D9: LMV | E9: LCV | F9: 2Axle | G9: 3Axle | H9: 4-6Axle | I9: 7+ - Axle | J9: 2-Wheeler | K9: 3-Wheeler | L9: Tractor | M9: Tractor with trailor | N9: Cycle | O9: Rickshaw | P9: EME & HCM | Q9: Passenger Vehicles | R9: Freight Vehicles | S9: Total Fast Moving Vehicles | T9: Total Slow Moving Vehicles | U9: Total Vehicles | V9: Total PCU | X9: Car, Jeep, Van& Taxi | Y9: Bus | Z9: LMV | AA9: LCV | AB9: 2Axle | AC9: 3Axle | AD9: 4-6Axle | AE9: 7+ - Axle | AF9: 2-Wheeler | AG9: 3-Wheeler | AH9: Tractor | AI9: Tractor with trailor | AJ9: Cycle | AK9: Rickshaw | AL9: EME & HCM | AM9: Passenger Vehicles | AN9: Freight Vehicles | AO9: Total Fast Moving Vehicles | AP9: Total Slow Moving Vehicles | AQ9: Total Vehicles | AR9: Total PCU
A10: ='Day-3'!A10 -> 12:00-13:00 | B10: 176 | C10: 25 | D10: 23 | E10: 21 | F10: 19 | G10: 27 | H10: 66 | I10: 0 | J10: 187 | K10: 51 | L10: 0 | M10: 6 | N10: 0 | O10: 0 | P10: 0 | Q10: =B10+C10+J10+K10+N10+O10 -> 439 | R10: =D10+E10+F10+G10+H10+I10+L10+M10+P10 -> 162 | S10: =Q10+R10 -> 601 | T10: =N10+O10 -> 0 | U10: =SUM(B10:P10) -> 601 | V10: =SUMPRODUCT(B10:P10,$B$7:$P$7) -> 912 | W10: =A10 -> 12:00-13:00 | X10: =B10+B44 -> 337 | Y10: =C10+C44 -> 48 | Z10: =D10+D44 -> 53 | AA10: =E10+E44 -> 34 | AB10: =F10+F44 -> 36 | AC10: =G10+G44 -> 56 | AD10: =H10+H44 -> 132 | AE10: =I10+I44 -> 0 | ... AR10: =V10+V44 -> 1805.5
A11: ='Day-3'!A11 -> 13:00-14:00 | B11: 136 | C11: 23 | D11: 30 | E11: 14 | F11: 19 | G11: 25 | H11: 50 | I11: 0 | J11: 153 | K11: 43 | L11: 0 | M11: 4 | N11: 0 | O11: 0 | P11: 0 | Q11: =B11+C11+J11+K11+N11+O11 -> 355 | R11: =D11+E11+F11+G11+H11+I11+L11+M11+P11 -> 142 | S11: =Q11+R11 -> 497 | T11: =N11+O11 -> 0 | U11: =SUM(B11:P11) -> 497 | V11: =SUMPRODUCT(B11:P11,$B$7:$P$7) -> 750.5 | W11: =A11 -> 13:00-14:00 | X11: =B11+B45 -> 270 | Y11: =C11+C45 -> 56 | Z11: =D11+D45 -> 46 | AA11: =E11+E45 -> 30 | AB11: =F11+F45 -> 33 | AC11: =G11+G45 -> 43 | AD11: =H11+H45 -> 105 | AE11: =I11+I45 -> 0 | ... AR11: =V11+V45 -> 1548.5
A12: ='Day-3'!A12 -> 14:00-15:00 | B12: 189 | C12: 28 | D12: 14 | E12: 15 | F12: 14 | G12: 15 | H12: 61 | I12: 0 | J12: 203 | K12: 52 | L12: 2 | M12: 5 | N12: 3 | O12: 0 | P12: 0 | Q12: =B12+C12+J12+K12+N12+O12 -> 475 | R12: =D12+E12+F12+G12+H12+I12+L12+M12+P12 -> 126 | S12: =Q12+R12 -> 601 | T12: =N12+O12 -> 3 | U12: =SUM(B12:P12) -> 601 | V12: =SUMPRODUCT(B12:P12,$B$7:$P$7) -> 851.5 | W12: =A12 -> 14:00-15:00 | X12: =B12+B46 -> 316 | Y12: =C12+C46 -> 49 | Z12: =D12+D46 -> 36 | AA12: =E12+E46 -> 38 | AB12: =F12+F46 -> 31 | AC12: =G12+G46 -> 48 | AD12: =H12+H46 -> 99 | AE12: =I12+I46 -> 0 | ... AR12: =V12+V46 -> 1525.5
A13: ='Day-3'!A13 -> 15:00-16:00 | B13: 193 | C13: 27 | D13: 24 | E13: 13 | F13: 14 | G13: 14 | H13: 63 | I13: 0 | J13: 256 | K13: 46 | L13: 0 | M13: 4 | N13: 0 | O13: 0 | P13: 0 | Q13: =B13+C13+J13+K13+N13+O13 -> 522 | R13: =D13+E13+F13+G13+H13+I13+L13+M13+P13 -> 132 | S13: =Q13+R13 -> 654 | T13: =N13+O13 -> 0 | U13: =SUM(B13:P13) -> 654 | V13: =SUMPRODUCT(B13:P13,$B$7:$P$7) -> 877 | W13: =A13 -> 15:00-16:00 | X13: =B13+B47 -> 379 | Y13: =C13+C47 -> 59 | Z13: =D13+D47 -> 54 | AA13: =E13+E47 -> 55 | AB13: =F13+F47 -> 39 | AC13: =G13+G47 -> 49 | AD13: =H13+H47 -> 116 | AE13: =I13+I47 -> 0 | ... AR13: =V13+V47 -> 1801
A14: ='Day-3'!A14 -> 16:00-17:00 | B14: 230 | C14: 37 | D14: 24 | E14: 17 | F14: 18 | G14: 23 | H14: 76 | I14: 0 | J14: 324 | K14: 43 | L14: 0 | M14: 4 | N14: 0 | O14: 0 | P14: 0 | Q14: =B14+C14+J14+K14+N14+O14 -> 634 | R14: =D14+E14+F14+G14+H14+I14+L14+M14+P14 -> 162 | S14: =Q14+R14 -> 796 | T14: =N14+O14 -> 0 | U14: =SUM(B14:P14) -> 796 | V14: =SUMPRODUCT(B14:P14,$B$7:$P$7) -> 1078.5 | W14: =A14 -> 16:00-17:00 | X14: =B14+B48 -> 401 | Y14: =C14+C48 -> 73 | Z14: =D14+D48 -> 50 | AA14: =E14+E48 -> 34 | AB14: =F14+F48 -> 32 | AC14: =G14+G48 -> 50 | AD14: =H14+H48 -> 127 | AE14: =I14+I48 -> 0 | ... AR14: =V14+V48 -> 1925
A15: ='Day-3'!A15 -> 17:00-18:00 | B15: 216 | C15: 30 | D15: 28 | E15: 21 | F15: 21 | G15: 16 | H15: 76 | I15: 0 | J15: 265 | K15: 42 | L15: 0 | M15: 3 | N15: 0 | O15: 0 | P15: 1 | Q15: =B15+C15+J15+K15+N15+O15 -> 553 | R15: =D15+E15+F15+G15+H15+I15+L15+M15+P15 -> 166 | S15: =Q15+R15 -> 719 | T15: =N15+O15 -> 0 | U15: =SUM(B15:P15) -> 719 | V15: =SUMPRODUCT(B15:P15,$B$7:$P$7) -> 1011 | W15: =A15 -> 17:00-18:00 | X15: =B15+B49 -> 376 | Y15: =C15+C49 -> 52 | Z15: =D15+D49 -> 45 | AA15: =E15+E49 -> 50 | AB15: =F15+F49 -> 44 | AC15: =G15+G49 -> 41 | AD15: =H15+H49 -> 142 | AE15: =I15+I49 -> 0 | ... AR15: =V15+V49 -> 1894
A16: ='Day-3'!A16 -> 18:00-19:00 | B16: 200 | C16: 41 | D16: 24 | E16: 26 | F16: 27 | G16: 19 | H16: 95 | I16: 0 | J16: 221 | K16: 35 | L16: 0 | M16: 0 | N16: 0 | O16: 0 | P16: 0 | Q16: =B16+C16+J16+K16+N16+O16 -> 497 | R16: =D16+E16+F16+G16+H16+I16+L16+M16+P16 -> 191 | S16: =Q16+R16 -> 688 | T16: =N16+O16 -> 0 | U16: =SUM(B16:P16) -> 688 | V16: =SUMPRODUCT(B16:P16,$B$7:$P$7) -> 1097 | W16: =A16 -> 18:00-19:00 | X16: =B16+B50 -> 350 | Y16: =C16+C50 -> 64 | Z16: =D16+D50 -> 45 | AA16: =E16+E50 -> 52 | AB16: =F16+F50 -> 50 | AC16: =G16+G50 -> 40 | AD16: =H16+H50 -> 159 | AE16: =I16+I50 -> 0 | ... AR16: =V16+V50 -> 1986
A17: ='Day-3'!A17 -> 19:00-20:00 | B17: 172 | C17: 28 | D17: 30 | E17: 25 | F17: 26 | G17: 15 | H17: 92 | I17: 0 | J17: 182 | K17: 38 | L17: 0 | M17: 3 | N17: 0 | O17: 0 | P17: 0 | Q17: =B17+C17+J17+K17+N17+O17 -> 420 | R17: =D17+E17+F17+G17+H17+I17+L17+M17+P17 -> 191 | S17: =Q17+R17 -> 611 | T17: =N17+O17 -> 0 | U17: =SUM(B17:P17) -> 611 | V17: =SUMPRODUCT(B17:P17,$B$7:$P$7) -> 1003 | W17: =A17 -> 19:00-20:00 | X17: =B17+B51 -> 308 | Y17: =C17+C51 -> 50 | Z17: =D17+D51 -> 40 | AA17: =E17+E51 -> 40 | AB17: =F17+F51 -> 45 | AC17: =G17+G51 -> 38 | AD17: =H17+H51 -> 141 | AE17: =I17+I51 -> 0 | ... AR17: =V17+V51 -> 1674
A18: ='Day-3'!A18 -> 20:00-21:00 | B18: 102 | C18: 27 | D18: 19 | E18: 30 | F18: 32 | G18: 21 | H18: 85 | I18: 0 | J18: 56 | K18: 19 | L18: 0 | M18: 0 | N18: 0 | O18: 0 | P18: 0 | Q18: =B18+C18+J18+K18+N18+O18 -> 204 | R18: =D18+E18+F18+G18+H18+I18+L18+M18+P18 -> 187 | S18: =Q18+R18 -> 391 | T18: =N18+O18 -> 0 | U18: =SUM(B18:P18) -> 391 | V18: =SUMPRODUCT(B18:P18,$B$7:$P$7) -> 835.5 | W18: =A18 -> 20:00-21:00 | X18: =B18+B52 -> 229 | Y18: =C18+C52 -> 42 | Z18: =D18+D52 -> 36 | AA18: =E18+E52 -> 41 | AB18: =F18+F52 -> 50 | AC18: =G18+G52 -> 34 | AD18: =H18+H52 -> 131 | AE18: =I18+I52 -> 0 | ... AR18: =V18+V52 -> 1402.5
A19: ='Day-3'!A19 -> 21:00-22:00 | B19: 91 | C19: 33 | D19: 27 | E19: 38 | F19: 45 | G19: 19 | H19: 127 | I19: 0 | J19: 105 | K19: 11 | L19: 0 | M19: 2 | N19: 0 | O19: 0 | P19: 0 | Q19: =B19+C19+J19+K19+N19+O19 -> 240 | R19: =D19+E19+F19+G19+H19+I19+L19+M19+P19 -> 258 | S19: =Q19+R19 -> 498 | T19: =N19+O19 -> 0 | U19: =SUM(B19:P19) -> 498 | V19: =SUMPRODUCT(B19:P19,$B$7:$P$7) -> 1110 | W19: =A19 -> 21:00-22:00 | X19: =B19+B53 -> 218 | Y19: =C19+C53 -> 49 | Z19: =D19+D53 -> 32 | AA19: =E19+E53 -> 45 | AB19: =F19+F53 -> 73 | AC19: =G19+G53 -> 40 | AD19: =H19+H53 -> 171 | AE19: =I19+I53 -> 0 | ... AR19: =V19+V53 -> 1692
A20: ='Day-3'!A20 -> 22:00-23:00 | B20: 40 | C20: 23 | D20: 17 | E20: 25 | F20: 24 | G20: 21 | H20: 97 | I20: 0 | J20: 40 | K20: 11 | L20: 0 | M20: 0 | N20: 0 | O20: 0 | P20: 0 | Q20: =B20+C20+J20+K20+N20+O20 -> 114 | R20: =D20+E20+F20+G20+H20+I20+L20+M20+P20 -> 184 | S20: =Q20+R20 -> 298 | T20: =N20+O20 -> 0 | U20: =SUM(B20:P20) -> 298 | V20: =SUMPRODUCT(B20:P20,$B$7:$P$7) -> 766 | W20: =A20 -> 22:00-23:00 | X20: =B20+B54 -> 128 | Y20: =C20+C54 -> 30 | Z20: =D20+D54 -> 28 | AA20: =E20+E54 -> 53 | AB20: =F20+F54 -> 60 | AC20: =G20+G54 -> 56 | AD20: =H20+H54 -> 139 | AE20: =I20+I54 -> 0 | ... AR20: =V20+V54 -> 1350
A21: ='Day-3'!A21 -> 23:00-00:00 | B21: 27 | C21: 17 | D21: 14 | E21: 21 | F21: 17 | G21: 12 | H21: 74 | I21: 0 | J21: 15 | K21: 6 | L21: 0 | M21: 0 | N21: 0 | O21: 0 | P21: 0 | Q21: =B21+C21+J21+K21+N21+O21 -> 65 | R21: =D21+E21+F21+G21+H21+I21+L21+M21+P21 -> 138 | S21: =Q21+R21 -> 203 | T21: =N21+O21 -> 0 | U21: =SUM(B21:P21) -> 203 | V21: =SUMPRODUCT(B21:P21,$B$7:$P$7) -> 557 | W21: =A21 -> 23:00-00:00 | X21: =B21+B55 -> 90 | Y21: =C21+C55 -> 19 | Z21: =D21+D55 -> 23 | AA21: =E21+E55 -> 37 | AB21: =F21+F55 -> 52 | AC21: =G21+G55 -> 35 | AD21: =H21+H55 -> 111 | AE21: =I21+I55 -> 0 | ... AR21: =V21+V55 -> 1013.5
... A33: ='Day-3'!A33 -> 11:00-12:00 | B33: 179 | C33: 24 | D33: 25 | E33: 32 | F33: 13 | G33: 17 | H33: 62 | I33: 0 | J33: 185 | K33: 44 | L33: 0 | M33: 5 | N33: 0 | O33: 2 | P33: 0 | Q33: =B33+C33+J33+K33+N33+O33 -> 434 | R33: =D33+E33+F33+G33+H33+I33+L33+M33+P33 -> 154 | S33: =Q33+R33 -> 588 | T33: =N33+O33 -> 2 | U33: =SUM(B33:P33) -> 588 | V33: =SUMPRODUCT(B33:P33,$B$7:$P$7) -> 856 | W33: =A33 -> 11:00-12:00 | X33: =B33+B67 -> 337 | Y33: =C33+C67 -> 48 | Z33: =D33+D67 -> 50 | AA33: =E33+E67 -> 51 | AB33: =F33+F67 -> 38 | AC33: =G33+G67 -> 40 | AD33: =H33+H67 -> 131 | AE33: =I33+I67 -> 0 | ... AR33: =V33+V67 -> 1727
A34: Total | B34: =SUM(B10:B33) -> 2695 | C34: =SUM(C10:C33) -> 510 | D34: =SUM(D10:D33) -> 436 | E34: =SUM(E10:E33) -> 446 | F34: =SUM(F10:F33) -> 478 | G34: =SUM(G10:G33) -> 444 | H34: =SUM(H10:H33) -> 1766 | I34: =SUM(I10:I33) -> 0 | ... V34: =SUM(V10:V33) -> 18668 | W34: Total | X34: =SUM(X10:X33) -> 5325 | Y34: =SUM(Y10:Y33) -> 986 | Z34: =SUM(Z10:Z33) -> 797 | AA34: =SUM(AA10:AA33) -> 918 | AB34: =SUM(AB10:AB33) -> 1070 | AC34: =SUM(AC10:AC33) -> 1081 | AD34: =SUM(AD10:AD33) -> 3071 | AE34: =SUM(AE10:AE33) -> 0 | ... AR34: =SUM(AR10:AR33) -> 35563
A38: Classified Traffic Volume Count Survey - DAY-4
A39: =A5 -> Location: | B39: =B5 -> Nathavalasa Toll Plaza | Q39: =Q5 -> Date: | R39: =R5 -> 45235
A40: Direction | B40: ='Day-3'!B40:V40 -> Anandapuram to Ranasthalam
A41: PCU | B41: 1 | C41: 3 | D41: 1 | E41: 1.5 | F41: 3 | G41: 3 | H41: 4.5 | I41: 4.5 | J41: 0.5 | K41: 1 | L41: 1.5 | M41: 4.5 | N41: 0.5 | O41: 2 | P41: 4.5
A42: Time | B42: Motorized Vehicles | N42: Non Motorized
B43: Car, Jeep, Van& Taxi | C43: Bus | D43: LMV | E43: LCV | F43: 2Axle | G43: 3Axle | H43: 4-6Axle | I43: 7+ - Axle | J43: 2-Wheeler | K43: 3-Wheeler | L43: Tractor | M43: Tractor with trailor | N43: Cycle | O43: Rickshaw | P43: EME & HCM | Q43: Passenger Vehicles | R43: Freight Vehicles | S43: Total Fast Moving Vehicles | T43: Total Slow Moving Vehicles | U43: Total Vehicles | V43: Total PCU
A44: =A10 -> 12:00-13:00 | B44: 161 | C44: 23 | D44: 30 | E44: 13 | F44: 17 | G44: 29 | H44: 66 | I44: 0 | J44: 222 | K44: 59 | L44: 0 | M44: 2 | N44: 0 | O44: 0 | P44: 0 | Q44: =B44+C44+J44+K44+N44+O44 -> 465 | R44: =D44+E44+F44+G44+H44+I44+L44+M44+P44 -> 157 | S44: =Q44+R44 -> 622 | T44: =N44+O44 -> 0 | U44: =SUM(B44:P44) -> 622 | V44: =SUMPRODUCT(B44:P44,$B$7:$P$7) -> 893.5
A45: =A11 -> 13:00-14:00 | B45: 134 | C45: 33 | D45: 16 | E45: 16 | F45: 14 | G45: 18 | H45: 55 | I45: 0 | J45: 239 | K45: 44 | L45: 0 | M45: 4 | N45: 0 | O45: 0 | P45: 0 | Q45: =B45+C45+J45+K45+N45+O45 -> 450 | R45: =D45+E45+F45+G45+H45+I45+L45+M45+P45 -> 123 | S45: =Q45+R45 -> 573 | T45: =N45+O45 -> 0 | U45: =SUM(B45:P45) -> 573 | V45: =SUMPRODUCT(B45:P45,$B$7:$P$7) -> 798
A46: =A12 -> 14:00-15:00 | B46: 127 | C46: 21 | D46: 22 | E46: 23 | F46: 17 | G46: 33 | H46: 38 | I46: 0 | J46: 143 | K46: 35 | L46: 0 | M46: 0 | N46: 0 | O46: 0 | P46: 0 | Q46: =B46+C46+J46+K46+N46+O46 -> 326 | R46: =D46+E46+F46+G46+H46+I46+L46+M46+P46 -> 133 | S46: =Q46+R46 -> 459 | T46: =N46+O46 -> 0 | U46: =SUM(B46:P46) -> 459 | V46: =SUMPRODUCT(B46:P46,$B$7:$P$7) -> 674
A47: =A13 -> 15:00-16:00 | B47: 186 | C47: 32 | D47: 30 | E47: 42 | F47: 25 | G47: 35 | H47: 53 | I47: 0 | J47: 199 | K47: 31 | L47: 0 | M47: 0 | N47: 0 | O47: 0 | P47: 0 | Q47: =B47+C47+J47+K47+N47+O47 -> 448 | R47: =D47+E47+F47+G47+H47+I47+L47+M47+P47 -> 185 | S47: =Q47+R47 -> 633 | T47: =N47+O47 -> 0 | U47: =SUM(B47:P47) -> 633 | V47: =SUMPRODUCT(B47:P47,$B$7:$P$7) -> 924
A48: =A14 -> 16:00-17:00 | B48: 171 | C48: 36 | D48: 26 | E48: 17 | F48: 14 | G48: 27 | H48: 51 | I48: 0 | J48: 204 | K48: 48 | L48: 0 | M48: 3 | N48: 0 | O48: 0 | P48: 0 | Q48: =B48+C48+J48+K48+N48+O48 -> 459 | R48: =D48+E48+F48+G48+H48+I48+L48+M48+P48 -> 138 | S48: =Q48+R48 -> 597 | T48: =N48+O48 -> 0 | U48: =SUM(B48:P48) -> 597 | V48: =SUMPRODUCT(B48:P48,$B$7:$P$7) -> 846.5
A49: =A15 -> 17:00-18:00 | B49: 160 | C49: 22 | D49: 17 | E49: 29 | F49: 23 | G49: 25 | H49: 66 | I49: 0 | J49: 203 | K49: 45 | L49: 0 | M49: 2 | N49: 0 | O49: 0 | P49: 0 | Q49: =B49+C49+J49+K49+N49+O49 -> 430 | R49: =D49+E49+F49+G49+H49+I49+L49+M49+P49 -> 162 | S49: =Q49+R49 -> 592 | T49: =N49+O49 -> 0 | U49: =SUM(B49:P49) -> 592 | V49: =SUMPRODUCT(B49:P49,$B$7:$P$7) -> 883
A50: =A16 -> 18:00-19:00 | B50: 150 | C50: 23 | D50: 21 | E50: 26 | F50: 23 | G50: 21 | H50: 64 | I50: 0 | J50: 287 | K50: 42 | L50: 0 | M50: 1 | N50: 0 | O50: 0 | P50: 0 | Q50: =B50+C50+J50+K50+N50+O50 -> 502 | R50: =D50+E50+F50+G50+H50+I50+L50+M50+P50 -> 156 | S50: =Q50+R50 -> 658 | T50: =N50+O50 -> 0 | U50: =SUM(B50:P50) -> 658 | V50: =SUMPRODUCT(B50:P50,$B$7:$P$7) -> 889
A51: =A17 -> 19:00-20:00 | B51: 136 | C51: 22 | D51: 10 | E51: 15 | F51: 19 | G51: 23 | H51: 49 | I51: 0 | J51: 162 | K51: 9 | L51: 0 | M51: 0 | N51: 0 | O51: 0 | P51: 0 | Q51: =B51+C51+J51+K51+N51+O51 -> 329 | R51: =D51+E51+F51+G51+H51+I51+L51+M51+P51 -> 116 | S51: =Q51+R51 -> 445 | T51: =N51+O51 -> 0 | U51: =SUM(B51:P51) -> 445 | V51: =SUMPRODUCT(B51:P51,$B$7:$P$7) -> 671
A52: =A18 -> 20:00-21:00 | B52: 127 | C52: 15 | D52: 17 | E52: 11 | F52: 18 | G52: 13 | H52: 46 | I52: 0 | J52: 123 | K52: 0 | L52: 0 | M52: 0 | N52: 0 | O52: 0 | P52: 0 | Q52: =B52+C52+J52+K52+N52+O52 -> 265 | R52: =D52+E52+F52+G52+H52+I52+L52+M52+P52 -> 105 | S52: =Q52+R52 -> 370 | T52: =N52+O52 -> 0 | U52: =SUM(B52:P52) -> 370 | V52: =SUMPRODUCT(B52:P52,$B$7:$P$7) -> 567
A53: =A19 -> 21:00-22:00 | B53: 127 | C53: 16 | D53: 5 | E53: 7 | F53: 28 | G53: 21 | H53: 44 | I53: 0 | J53: 81 | K53: 6 | L53: 0 | M53: 0 | N53: 0 | O53: 0 | P53: 0 | Q53: =B53+C53+J53+K53+N53+O53 -> 230 | R53: =D53+E53+F53+G53+H53+I53+L53+M53+P53 -> 105 | S53: =Q53+R53 -> 335 | T53: =N53+O53 -> 0 | U53: =SUM(B53:P53) -> 335 | V53: =SUMPRODUCT(B53:P53,$B$7:$P$7) -> 582
A54: =A20 -> 22:00-23:00 | B54: 88 | C54: 7 | D54: 11 | E54: 28 | F54: 36 | G54: 35 | H54: 42 | I54: 0 | J54: 36 | K54: 2 | L54: 0 | M54: 0 | N54: 0 | O54: 0 | P54: 0 | Q54: =B54+C54+J54+K54+N54+O54 -> 133 | R54: =D54+E54+F54+G54+H54+I54+L54+M54+P54 -> 152 | S54: =Q54+R54 -> 285 | T54: =N54+O54 -> 0 | U54: =SUM(B54:P54) -> 285 | V54: =SUMPRODUCT(B54:P54,$B$7:$P$7) -> 584
A55: =A21 -> 23:00-00:00 | B55: 63 | C55: 2 | D55: 9 | E55: 16 | F55: 35 | G55: 23 | H55: 37 | I55: 0 | J55: 28 | K55: 0 | L55: 0 | M55: 0 | N55: 0 | O55: 0 | P55: 0 | Q55: =B55+C55+J55+K55+N55+O55 -> 93 | R55: =D55+E55+F55+G55+H55+I55+L55+M55+P55 -> 120 | S55: =Q55+R55 -> 213 | T55: =N55+O55 -> 0 | U55: =SUM(B55:P55) -> 213 | V55: =SUMPRODUCT(B55:P55,$B$7:$P$7) -> 456.5
... A67: =A33 -> 11:00-12:00 | B67: 158 | C67: 24 | D67: 25 | E67: 19 | F67: 25 | G67: 23 | H67: 69 | I67: 0 | J67: 200 | K67: 33 | L67: 0 | M67: 0 | N67: 0 | O67: 0 | P67: 0 | Q67: =B67+C67+J67+K67+N67+O67 -> 415 | R67: =D67+E67+F67+G67+H67+I67+L67+M67+P67 -> 161 | S67: =Q67+R67 -> 576 | T67: =N67+O67 -> 0 | U67: =SUM(B67:P67) -> 576 | V67: =SUMPRODUCT(B67:P67,$B$7:$P$7) -> 871
A68: Total | B68: =SUM(B44:B67) -> 2630 | C68: =SUM(C44:C67) -> 476 | D68: =SUM(D44:D67) -> 361 | E68: =SUM(E44:E67) -> 472 | F68: =SUM(F44:F67) -> 592 | G68: =SUM(G44:G67) -> 637 | H68: =SUM(H44:H67) -> 1305 | I68: =SUM(I44:I67) -> 0 | ... V68: =SUM(V44:V67) -> 16895

Sheet Day-5
A4: Classified Traffic Volume Count Survey - DAY-5 | W4: Classified Traffic Volume Count Survey - DAY-5
A5: Location: | B5: ='Day-4'!B5:P5 -> Nathavalasa Toll Plaza | Q5: Date: | R5: 45236 | W5: =A5 -> Location: | X5: =B5 -> Nathavalasa Toll Plaza | AJ5: =Q5 -> Date: | AK5: =R5 -> 45236
A6: Direction : | B6: ='Day-4'!B6:V6 -> Ranasthalam to Anandapuram | W6: Direction : Both Directions
A7: PCU | B7: 1 | C7: 3 | D7: 1 | E7: 1.5 | F7: 3 | G7: 3 | H7: 4.5 | I7: 4.5 | J7: 0.5 | K7: 1 | L7: 1.5 | M7: 4.5 | N7: 0.5 | O7: 2 | P7: 4.5 | W7: PCU | X7: 1 | Y7: 3 | Z7: 1 | AA7: 1.5 | AB7: 3 | AC7: 3 | AD7: 4.5 | AE7: 4.5 | AF7: 0.5 | AG7: 1 | AH7: 1.5 | AI7: 4.5 | AJ7: 0.5 | AK7: 2 | AL7: 4.5
A8: Time | B8: Motorized Vehicles | N8: Non - Motorized | W8: Time | X8: Motorized Vehicles | AJ8: Non Motorized
B9: Car, Jeep, Van& Taxi | C9: Bus | D9: LMV | E9: LCV | F9: 2Axle | G9: 3Axle | H9: 4-6Axle | I9: 7+ - Axle | J9: 2-Wheeler | K9: 3-Wheeler | L9: Tractor | M9: Tractor with trailor | N9: Cycle | O9: Rickshaw | P9: EME & HCM | Q9: Passenger Vehicles | R9: Freight Vehicles | S9: Total Fast Moving Vehicles | T9: Total Slow Moving Vehicles | U9: Total Vehicles | V9: Total PCU | X9: Car, Jeep, Van& Taxi | Y9: Bus | Z9: LMV | AA9: LCV | AB9: 2Axle | AC9: 3Axle | AD9: 4-6Axle | AE9: 7+ - Axle | AF9: 2-Wheeler | AG9: 3-Wheeler | AH9: Tractor | AI9: Tractor with trailor | AJ9: Cycle | AK9: Rickshaw | AL9: EME & HCM | AM9: Passenger Vehicles | AN9: Freight Vehicles | AO9: Total Fast Moving Vehicles | AP9: Total Slow Moving Vehicles | AQ9: Total Vehicles | AR9: Total PCU
A10: ='Day-4'!A10 -> 12:00-13:00 | B10: 156 | C10: 26 | D10: 19 | E10: 36 | F10: 17 | G10: 13 | H10: 56 | I10: 0 | J10: 167 | K10: 35 | L10: 0 | M10: 4 | N10: 0 | O10: 0 | P10: 0 | Q10: =B10+C10+J10+K10+N10+O10 -> 384 | R10: =D10+E10+F10+G10+H10+I10+L10+M10+P10 -> 145 | S10: =Q10+R10 -> 529 | T10: =N10+O10 -> 0 | U10: =SUM(B10:P10) -> 529 | V10: =SUMPRODUCT(B10:P10,$B$7:$P$7) -> 785.5 | W10: =A10 -> 12:00-13:00 | X10: =B10+B44 -> 263 | Y10: =C10+C44 -> 50 | Z10: =D10+D44 -> 44 | AA10: =E10+E44 -> 71 | AB10: =F10+F44 -> 43 | AC10: =G10+G44 -> 32 | AD10: =H10+H44 -> 126 | AE10: =I10+I44 -> 0 | ... AR10: =V10+V44 -> 1640
A11: ='Day-4'!A11 -> 13:00-14:00 | B11: 100 | C11: 21 | D11: 24 | E11: 29 | F11: 19 | G11: 14 | H11: 61 | I11: 0 | J11: 150 | K11: 25 | L11: 0 | M11: 3 | N11: 0 | O11: 0 | P11: 0 | Q11: =B11+C11+J11+K11+N11+O11 -> 296 | R11: =D11+E11+F11+G11+H11+I11+L11+M11+P11 -> 150 | S11: =Q11+R11 -> 446 | T11: =N11+O11 -> 0 | U11: =SUM(B11:P11) -> 446 | V11: =SUMPRODUCT(B11:P11,$B$7:$P$7) -> 717.5 | W11: =A11 -> 13:00-14:00 | X11: =B11+B45 -> 203 | Y11: =C11+C45 -> 56 | Z11: =D11+D45 -> 42 | AA11: =E11+E45 -> 57 | AB11: =F11+F45 -> 42 | AC11: =G11+G45 -> 39 | AD11: =H11+H45 -> 116 | AE11: =I11+I45 -> 0 | ... AR11: =V11+V45 -> 1529
A12: ='Day-4'!A12 -> 14:00-15:00 | B12: 121 | C12: 21 | D12: 21 | E12: 27 | F12: 18 | G12: 16 | H12: 45 | I12: 0 | J12: 203 | K12: 47 | L12: 0 | M12: 3 | N12: 0 | O12: 0 | P12: 0 | Q12: =B12+C12+J12+K12+N12+O12 -> 392 | R12: =D12+E12+F12+G12+H12+I12+L12+M12+P12 -> 130 | S12: =Q12+R12 -> 522 | T12: =N12+O12 -> 0 | U12: =SUM(B12:P12) -> 522 | V12: =SUMPRODUCT(B12:P12,$B$7:$P$7) -> 712 | W12: =A12 -> 14:00-15:00 | X12: =B12+B46 -> 223 | Y12: =C12+C46 -> 38 | Z12: =D12+D46 -> 35 | AA12: =E12+E46 -> 67 | AB12: =F12+F46 -> 42 | AC12: =G12+G46 -> 49 | AD12: =H12+H46 -> 90 | AE12: =I12+I46 -> 0 | ... AR12: =V12+V46 -> 1403
A13: ='Day-4'!A13 -> 15:00-16:00 | B13: 183 | C13: 25 | D13: 23 | E13: 17 | F13: 18 | G13: 15 | H13: 73 | I13: 0 | J13: 199 | K13: 51 | L13: 0 | M13: 5 | N13: 0 | O13: 0 | P13: 0 | Q13: =B13+C13+J13+K13+N13+O13 -> 458 | R13: =D13+E13+F13+G13+H13+I13+L13+M13+P13 -> 151 | S13: =Q13+R13 -> 609 | T13: =N13+O13 -> 0 | U13: =SUM(B13:P13) -> 609 | V13: =SUMPRODUCT(B13:P13,$B$7:$P$7) -> 907 | W13: =A13 -> 15:00-16:00 | X13: =B13+B47 -> 355 | Y13: =C13+C47 -> 46 | Z13: =D13+D47 -> 42 | AA13: =E13+E47 -> 43 | AB13: =F13+F47 -> 37 | AC13: =G13+G47 -> 41 | AD13: =H13+H47 -> 127 | AE13: =I13+I47 -> 0 | ... AR13: =V13+V47 -> 1705.5
A14: ='Day-4'!A14 -> 16:00-17:00 | B14: 170 | C14: 25 | D14: 25 | E14: 30 | F14: 9 | G14: 26 | H14: 67 | I14: 0 | J14: 227 | K14: 50 | L14: 0 | M14: 2 | N14: 0 | O14: 0 | P14: 0 | Q14: =B14+C14+J14+K14+N14+O14 -> 472 | R14: =D14+E14+F14+G14+H14+I14+L14+M14+P14 -> 159 | S14: =Q14+R14 -> 631 | T14: =N14+O14 -> 0 | U14: =SUM(B14:P14) -> 631 | V14: =SUMPRODUCT(B14:P14,$B$7:$P$7) -> 894 | W14: =A14 -> 16:00-17:00 | X14: =B14+B48 -> 330 | Y14: =C14+C48 -> 51 | Z14: =D14+D48 -> 40 | AA14: =E14+E48 -> 55 | AB14: =F14+F48 -> 30 | AC14: =G14+G48 -> 60 | AD14: =H14+H48 -> 131 | AE14: =I14+I48 -> 0 | ... AR14: =V14+V48 -> 1807.5
A15: ='Day-4'!A15 -> 17:00-18:00 | B15: 198 | C15: 31 | D15: 44 | E15: 18 | F15: 17 | G15: 24 | H15: 87 | I15: 0 | J15: 257 | K15: 47 | L15: 0 | M15: 6 | N15: 0 | O15: 0 | P15: 3 | Q15: =B15+C15+J15+K15+N15+O15 -> 533 | R15: =D15+E15+F15+G15+H15+I15+L15+M15+P15 -> 199 | S15: =Q15+R15 -> 732 | T15: =N15+O15 -> 0 | U15: =SUM(B15:P15) -> 732 | V15: =SUMPRODUCT(B15:P15,$B$7:$P$7) -> 1092.5 | W15: =A15 -> 17:00-18:00 | X15: =B15+B49 -> 374 | Y15: =C15+C49 -> 61 | Z15: =D15+D49 -> 62 | AA15: =E15+E49 -> 42 | AB15: =F15+F49 -> 40 | AC15: =G15+G49 -> 40 | AD15: =H15+H49 -> 157 | AE15: =I15+I49 -> 0 | ... AR15: =V15+V49 -> 2040.5
A16: ='Day-4'!A16 -> 18:00-19:00 | B16: 207 | C16: 36 | D16: 27 | E16: 21 | F16: 25 | G16: 19 | H16: 90 | I16: 0 | J16: 279 | K16: 32 | L16: 0 | M16: 0 | N16: 0 | O16: 0 | P16: 0 | Q16: =B16+C16+J16+K16+N16+O16 -> 554 | R16: =D16+E16+F16+G16+H16+I16+L16+M16+P16 -> 182 | S16: =Q16+R16 -> 736 | T16: =N16+O16 -> 0 | U16: =SUM(B16:P16) -> 736 | V16: =SUMPRODUCT(B16:P16,$B$7:$P$7) -> 1082 | W16: =A16 -> 18:00-19:00 | X16: =B16+B50 -> 351 | Y16: =C16+C50 -> 53 | Z16: =D16+D50 -> 50 | AA16: =E16+E50 -> 46 | AB16: =F16+F50 -> 48 | AC16: =G16+G50 -> 48 | AD16: =H16+H50 -> 161 | AE16: =I16+I50 -> 0 | ... AR16: =V16+V50 -> 1989
A17: ='Day-4'!A17 -> 19:00-20:00 | B17: 158 | C17: 27 | D17: 15 | E17: 36 | F17: 19 | G17: 28 | H17: 55 | I17: 0 | J17: 216 | K17: 22 | L17: 0 | M17: 0 | N17: 0 | O17: 0 | P17: 0 | Q17: =B17+C17+J17+K17+N17+O17 -> 423 | R17: =D17+E17+F17+G17+H17+I17+L17+M17+P17 -> 153 | S17: =Q17+R17 -> 576 | T17: =N17+O17 -> 0 | U17: =SUM(B17:P17) -> 576 | V17: =SUMPRODUCT(B17:P17,$B$7:$P$7) -> 826.5 | W17: =A17 -> 19:00-20:00 | X17: =B17+B51 -> 261 | Y17: =C17+C51 -> 43 | Z17: =D17+D51 -> 37 | AA17: =E17+E51 -> 61 | AB17: =F17+F51 -> 36 | AC17: =G17+G51 -> 52 | AD17: =H17+H51 -> 105 | AE17: =I17+I51 -> 0 | ... AR17: =V17+V51 -> 1479.5
A18: ='Day-4'!A18 -> 20:00-21:00 | B18: 97 | C18: 22 | D18: 14 | E18: 33 | F18: 22 | G18: 23 | H18: 73 | I18: 0 | J18: 117 | K18: 15 | L18: 0 | M18: 0 | N18: 0 | O18: 0 | P18: 0 | Q18: =B18+C18+J18+K18+N18+O18 -> 251 | R18: =D18+E18+F18+G18+H18+I18+L18+M18+P18 -> 165 | S18: =Q18+R18 -> 416 | T18: =N18+O18 -> 0 | U18: =SUM(B18:P18) -> 416 | V18: =SUMPRODUCT(B18:P18,$B$7:$P$7) -> 763.5 | W18: =A18 -> 20:00-21:00 | X18: =B18+B52 -> 211 | Y18: =C18+C52 -> 37 | Z18: =D18+D52 -> 39 | AA18: =E18+E52 -> 57 | AB18: =F18+F52 -> 41 | AC18: =G18+G52 -> 47 | AD18: =H18+H52 -> 129 | AE18: =I18+I52 -> 0 | ... AR18: =V18+V52 -> 1454.5
A19: ='Day-4'!A19 -> 21:00-22:00 | B19: 78 | C19: 30 | D19: 22 | E19: 34 | F19: 32 | G19: 19 | H19: 92 | I19: 0 | J19: 87 | K19: 8 | L19: 0 | M19: 0 | N19: 0 | O19: 0 | P19: 0 | Q19: =B19+C19+J19+K19+N19+O19 -> 203 | R19: =D19+E19+F19+G19+H19+I19+L19+M19+P19 -> 199 | S19: =Q19+R19 -> 402 | T19: =N19+O19 -> 0 | U19: =SUM(B19:P19) -> 402 | V19: =SUMPRODUCT(B19:P19,$B$7:$P$7) -> 859.5 | W19: =A19 -> 21:00-22:00 | X19: =B19+B53 -> 161 | Y19: =C19+C53 -> 46 | Z19: =D19+D53 -> 38 | AA19: =E19+E53 -> 61 | AB19: =F19+F53 -> 43 | AC19: =G19+G53 -> 34 | AD19: =H19+H53 -> 144 | AE19: =I19+I53 -> 0 | ... AR19: =V19+V53 -> 1401
A20: ='Day-4'!A20 -> 22:00-23:00 | B20: 50 | C20: 22 | D20: 17 | E20: 29 | F20: 22 | G20: 24 | H20: 82 | I20: 0 | J20: 63 | K20: 5 | L20: 0 | M20: 0 | N20: 0 | O20: 0 | P20: 0 | Q20: =B20+C20+J20+K20+N20+O20 -> 140 | R20: =D20+E20+F20+G20+H20+I20+L20+M20+P20 -> 174 | S20: =Q20+R20 -> 314 | T20: =N20+O20 -> 0 | U20: =SUM(B20:P20) -> 314 | V20: =SUMPRODUCT(B20:P20,$B$7:$P$7) -> 720 | W20: =A20 -> 22:00-23:00 | X20: =B20+B54 -> 116 | Y20: =C20+C54 -> 29 | Z20: =D20+D54 -> 40 | AA20: =E20+E54 -> 58 | AB20: =F20+F54 -> 45 | AC20: =G20+G54 -> 49 | AD20: =H20+H54 -> 146 | AE20: =I20+I54 -> 0 | ... AR20: =V20+V54 -> 1329
A21: ='Day-4'!A21 -> 23:00-00:00 | B21: 30 | C21: 11 | D21: 9 | E21: 35 | F21: 19 | G21: 16 | H21: 83 | I21: 0 | J21: 25 | K21: 6 | L21: 0 | M21: 0 | N21: 0 | O21: 0 | P21: 0 | Q21: =B21+C21+J21+K21+N21+O21 -> 72 | R21: =D21+E21+F21+G21+H21+I21+L21+M21+P21 -> 162 | S21: =Q21+R21 -> 234 | T21: =N21+O21 -> 0 | U21: =SUM(B21:P21) -> 234 | V21: =SUMPRODUCT(B21:P21,$B$7:$P$7) -> 621.5 | W21: =A21 -> 23:00-00:00 | X21: =B21+B55 -> 86 | Y21: =C21+C55 -> 18 | Z21: =D21+D55 -> 16 | AA21: =E21+E55 -> 58 | AB21: =F21+F55 -> 30 | AC21: =G21+G55 -> 31 | AD21: =H21+H55 -> 162 | AE21: =I21+I55 -> 0 | ... AR21: =V21+V55 -> 1200.5
... A33: ='Day-4'!A33 -> 11:00-12:00 | B33: 158 | C33: 30 | D33: 16 | E33: 33 | F33: 14 | G33: 17 | H33: 60 | I33: 0 | J33: 239 | K33: 61 | L33: 0 | M33: 5 | N33: 0 | O33: 0 | P33: 0 | Q33: =B33+C33+J33+K33+N33+O33 -> 488 | R33: =D33+E33+F33+G33+H33+I33+L33+M33+P33 -> 145 | S33: =Q33+R33 -> 633 | T33: =N33+O33 -> 0 | U33: =SUM(B33:P33) -> 633 | V33: =SUMPRODUCT(B33:P33,$B$7:$P$7) -> 879.5 | W33: =A33 -> 11:00-12:00 | X33: =B33+B67 -> 322 | Y33: =C33+C67 -> 46 | Z33: =D33+D67 -> 32 | AA33: =E33+E67 -> 42 | AB33: =F33+F67 -> 48 | AC33: =G33+G67 -> 42 | AD33: =H33+H67 -> 153 | AE33: =I33+I67 -> 0 | ... AR33: =V33+V67 -> 1878
A34: Total | B34: =SUM(B10:B33) -> 2417 | C34: =SUM(C10:C33) -> 465 | D34: =SUM(D10:D33) -> 428 | E34: =SUM(E10:E33) -> 589 | F34: =SUM(F10:F33) -> 399 | G34: =SUM(G10:G33) -> 440 | H34: =SUM(H10:H33) -> 1668 | I34: =SUM(I10:I33) -> 0 | ... V34: =SUM(V10:V33) -> 17857.5 | W34: Total | X34: =SUM(X10:X33) -> 4816 | Y34: =SUM(Y10:Y33) -> 930 | Z34: =SUM(Z10:Z33) -> 840 | AA34: =SUM(AA10:AA33) -> 1172 | AB34: =SUM(AB10:AB33) -> 887 | AC34: =SUM(AC10:AC33) -> 1043 | AD34: =SUM(AD10:AD33) -> 3335 | AE34: =SUM(AE10:AE33) -> 0 | ... AR34: =SUM(AR10:AR33) -> 36135
A38: Classified Traffic Volume Count Survey - DAY-5
A39: =A5 -> Location: | B39: =B5 -> Nathavalasa Toll Plaza | Q39: =Q5 -> Date: | R39: =R5 -> 45236
A40: Direction : | B40: ='Day-4'!B40:V40 -> Anandapuram to Ranasthalam
A41: PCU | B41: 1 | C41: 3 | D41: 1 | E41: 1.5 | F41: 3 | G41: 3 | H41: 4.5 | I41: 4.5 | J41: 0.5 | K41: 1 | L41: 1.5 | M41: 4.5 | N41: 0.5 | O41: 2 | P41: 4.5
A42: Time | B42: Motorized Vehicles | N42: Non Motorized
B43: Car, Jeep, Van& Taxi | C43: Bus | D43: LMV | E43: LCV | F43: 2Axle | G43: 3Axle | H43: 4-6Axle | I43: 7+ - Axle | J43: 2-Wheeler | K43: 3-Wheeler | L43: Tractor | M43: Tractor with trailor | N43: Cycle | O43: Rickshaw | P43: EME & HCM | Q43: Passenger Vehicles | R43: Freight Vehicles | S43: Total Fast Moving Vehicles | T43: Total Slow Moving Vehicles | U43: Total Vehicles | V43: Total PCU
A44: =A10 -> 12:00-13:00 | B44: 107 | C44: 24 | D44: 25 | E44: 35 | F44: 26 | G44: 19 | H44: 70 | I44: 0 | J44: 186 | K44: 46 | L44: 0 | M44: 2 | N44: 0 | O44: 0 | P44: 0 | Q44: =B44+C44+J44+K44+N44+O44 -> 363 | R44: =D44+E44+F44+G44+H44+I44+L44+M44+P44 -> 177 | S44: =Q44+R44 -> 540 | T44: =N44+O44 -> 0 | U44: =SUM(B44:P44) -> 540 | V44: =SUMPRODUCT(B44:P44,$B$7:$P$7) -> 854.5
A45: =A11 -> 13:00-14:00 | B45: 103 | C45: 35 | D45: 18 | E45: 28 | F45: 23 | G45: 25 | H45: 55 | I45: 0 | J45: 184 | K45: 29 | L45: 0 | M45: 4 | N45: 0 | O45: 2 | P45: 2 | Q45: =B45+C45+J45+K45+N45+O45 -> 353 | R45: =D45+E45+F45+G45+H45+I45+L45+M45+P45 -> 155 | S45: =Q45+R45 -> 508 | T45: =N45+O45 -> 2 | U45: =SUM(B45:P45) -> 508 | V45: =SUMPRODUCT(B45:P45,$B$7:$P$7) -> 811.5
A46: =A12 -> 14:00-15:00 | B46: 102 | C46: 17 | D46: 14 | E46: 40 | F46: 24 | G46: 33 | H46: 45 | I46: 0 | J46: 119 | K46: 31 | L46: 0 | M46: 0 | N46: 0 | O46: 0 | P46: 0 | Q46: =B46+C46+J46+K46+N46+O46 -> 269 | R46: =D46+E46+F46+G46+H46+I46+L46+M46+P46 -> 156 | S46: =Q46+R46 -> 425 | T46: =N46+O46 -> 0 | U46: =SUM(B46:P46) -> 425 | V46: =SUMPRODUCT(B46:P46,$B$7:$P$7) -> 691
A47: =A13 -> 15:00-16:00 | B47: 172 | C47: 21 | D47: 19 | E47: 26 | F47: 19 | G47: 26 | H47: 54 | I47: 0 | J47: 175 | K47: 31 | L47: 0 | M47: 2 | N47: 0 | O47: 0 | P47: 0 | Q47: =B47+C47+J47+K47+N47+O47 -> 399 | R47: =D47+E47+F47+G47+H47+I47+L47+M47+P47 -> 146 | S47: =Q47+R47 -> 545 | T47: =N47+O47 -> 0 | U47: =SUM(B47:P47) -> 545 | V47: =SUMPRODUCT(B47:P47,$B$7:$P$7) -> 798.5
A48: =A14 -> 16:00-17:00 | B48: 160 | C48: 26 | D48: 15 | E48: 25 | F48: 21 | G48: 34 | H48: 64 | I48: 0 | J48: 213 | K48: 50 | L48: 0 | M48: 3 | N48: 0 | O48: 0 | P48: 0 | Q48: =B48+C48+J48+K48+N48+O48 -> 449 | R48: =D48+E48+F48+G48+H48+I48+L48+M48+P48 -> 162 | S48: =Q48+R48 -> 611 | T48: =N48+O48 -> 0 | U48: =SUM(B48:P48) -> 611 | V48: =SUMPRODUCT(B48:P48,$B$7:$P$7) -> 913.5
A49: =A15 -> 17:00-18:00 | B49: 176 | C49: 30 | D49: 18 | E49: 24 | F49: 23 | G49: 16 | H49: 70 | I49: 0 | J49: 218 | K49: 60 | L49: 0 | M49: 6 | N49: 0 | O49: 0 | P49: 0 | Q49: =B49+C49+J49+K49+N49+O49 -> 484 | R49: =D49+E49+F49+G49+H49+I49+L49+M49+P49 -> 157 | S49: =Q49+R49 -> 641 | T49: =N49+O49 -> 0 | U49: =SUM(B49:P49) -> 641 | V49: =SUMPRODUCT(B49:P49,$B$7:$P$7) -> 948
A50: =A16 -> 18:00-19:00 | B50: 144 | C50: 17 | D50: 23 | E50: 25 | F50: 23 | G50: 29 | H50: 71 | I50: 0 | J50: 230 | K50: 52 | L50: 0 | M50: 2 | N50: 0 | O50: 0 | P50: 0 | Q50: =B50+C50+J50+K50+N50+O50 -> 443 | R50: =D50+E50+F50+G50+H50+I50+L50+M50+P50 -> 173 | S50: =Q50+R50 -> 616 | T50: =N50+O50 -> 0 | U50: =SUM(B50:P50) -> 616 | V50: =SUMPRODUCT(B50:P50,$B$7:$P$7) -> 907
A51: =A17 -> 19:00-20:00 | B51: 103 | C51: 16 | D51: 22 | E51: 25 | F51: 17 | G51: 24 | H51: 50 | I51: 0 | J51: 147 | K51: 12 | L51: 0 | M51: 2 | N51: 0 | O51: 0 | P51: 0 | Q51: =B51+C51+J51+K51+N51+O51 -> 278 | R51: =D51+E51+F51+G51+H51+I51+L51+M51+P51 -> 140 | S51: =Q51+R51 -> 418 | T51: =N51+O51 -> 0 | U51: =SUM(B51:P51) -> 418 | V51: =SUMPRODUCT(B51:P51,$B$7:$P$7) -> 653
A52: =A18 -> 20:00-21:00 | B52: 114 | C52: 15 | D52: 25 | E52: 24 | F52: 19 | G52: 24 | H52: 56 | I52: 0 | J52: 164 | K52: 8 | L52: 0 | M52: 0 | N52: 0 | O52: 0 | P52: 0 | Q52: =B52+C52+J52+K52+N52+O52 -> 301 | R52: =D52+E52+F52+G52+H52+I52+L52+M52+P52 -> 148 | S52: =Q52+R52 -> 449 | T52: =N52+O52 -> 0 | U52: =SUM(B52:P52) -> 449 | V52: =SUMPRODUCT(B52:P52,$B$7:$P$7) -> 691
A53: =A19 -> 21:00-22:00 | B53: 83 | C53: 16 | D53: 16 | E53: 27 | F53: 11 | G53: 15 | H53: 52 | I53: 0 | J53: 74 | K53: 5 | L53: 0 | M53: 0 | N53: 0 | O53: 0 | P53: 0 | Q53: =B53+C53+J53+K53+N53+O53 -> 178 | R53: =D53+E53+F53+G53+H53+I53+L53+M53+P53 -> 121 | S53: =Q53+R53 -> 299 | T53: =N53+O53 -> 0 | U53: =SUM(B53:P53) -> 299 | V53: =SUMPRODUCT(B53:P53,$B$7:$P$7) -> 541.5
A54: =A20 -> 22:00-23:00 | B54: 66 | C54: 7 | D54: 23 | E54: 29 | F54: 23 | G54: 25 | H54: 64 | I54: 0 | J54: 43 | K54: 2 | L54: 0 | M54: 0 | N54: 0 | O54: 0 | P54: 0 | Q54: =B54+C54+J54+K54+N54+O54 -> 118 | R54: =D54+E54+F54+G54+H54+I54+L54+M54+P54 -> 164 | S54: =Q54+R54 -> 282 | T54: =N54+O54 -> 0 | U54: =SUM(B54:P54) -> 282 | V54: =SUMPRODUCT(B54:P54,$B$7:$P$7) -> 609
A55: =A21 -> 23:00-00:00 | B55: 56 | C55: 7 | D55: 7 | E55: 23 | F55: 11 | G55: 15 | H55: 79 | I55: 0 | J55: 36 | K55: 0 | L55: 0 | M55: 2 | N55: 0 | O55: 0 | P55: 0 | Q55: =B55+C55+J55+K55+N55+O55 -> 99 | R55: =D55+E55+F55+G55+H55+I55+L55+M55+P55 -> 137 | S55: =Q55+R55 -> 236 | T55: =N55+O55 -> 0 | U55: =SUM(B55:P55) -> 236 | V55: =SUMPRODUCT(B55:P55,$B$7:$P$7) -> 579
... A67: =A33 -> 11:00-12:00 | B67: 164 | C67: 16 | D67: 16 | E67: 9 | F67: 34 | G67: 25 | H67: 93 | I67: 0 | J67: 169 | K67: 48 | L67: 0 | M67: 6 | N67: 4 | O67: 0 | P67: 0 | Q67: =B67+C67+J67+K67+N67+O67 -> 401 | R67: =D67+E67+F67+G67+H67+I67+L67+M67+P67 -> 183 | S67: =Q67+R67 -> 584 | T67: =N67+O67 -> 4 | U67: =SUM(B67:P67) -> 584 | V67: =SUMPRODUCT(B67:P67,$B$7:$P$7) -> 998.5
A68: Total | B68: =SUM(B44:B67) -> 2399 | C68: =SUM(C44:C67) -> 465 | D68: =SUM(D44:D67) -> 412 | E68: =SUM(E44:E67) -> 583 | F68: =SUM(F44:F67) -> 488 | G68: =SUM(G44:G67) -> 603 | H68: =SUM(H44:H67) -> 1667 | I68: =SUM(I44:I67) -> 0 | ... V68: =SUM(V44:V67) -> 18277.5

Sheet Day-6
A4: Classified Traffic Volume Count Survey - DAY-6 | W4: Classified Traffic Volume Count Survey - DAY-6
A5: Location: | B5: ='Day-5'!B5:P5 -> Nathavalasa Toll Plaza | Q5: Date: | R5: 45237 | W5: =A5 -> Location: | X5: =B5 -> Nathavalasa Toll Plaza | AJ5: =Q5 -> Date: | AK5: =R5 -> 45237
A6: Direction : | B6: ='Day-5'!B6:V6 -> Ranasthalam to Anandapuram | W6: Direction : Both Directions
A7: PCU | B7: 1 | C7: 3 | D7: 1 | E7: 1.5 | F7: 3 | G7: 3 | H7: 4.5 | I7: 4.5 | J7: 0.5 | K7: 1 | L7: 1.5 | M7: 4.5 | N7: 0.5 | O7: 2 | P7: 4.5 | W7: PCU | X7: 1 | Y7: 3 | Z7: 1 | AA7: 1.5 | AB7: 3 | AC7: 3 | AD7: 4.5 | AE7: 4.5 | AF7: 0.5 | AG7: 1 | AH7: 1.5 | AI7: 4.5 | AJ7: 0.5 | AK7: 2 | AL7: 4.5
A8: Time | B8: Motorized Vehicles | N8: Non Motorized | W8: Time | X8: Motorized Vehicles | AJ8: Non Motorized
B9: Car, Jeep, Van& Taxi | C9: Bus | D9: LMV | E9: LCV | F9: 2Axle | G9: 3Axle | H9: 4-6Axle | I9: 7+ - Axle | J9: 2-Wheeler | K9: 3-Wheeler | L9: Tractor | M9: Tractor with trailor | N9: Cycle | O9: Rickshaw | P9: EME & HCM | Q9: Passenger Vehicles | R9: Freight Vehicles | S9: Total Fast Moving Vehicles | T9: Total Slow Moving Vehicles | U9: Total Vehicles | V9: Total PCU | X9: Car, Jeep, Van& Taxi | Y9: Bus | Z9: LMV | AA9: LCV | AB9: 2Axle | AC9: 3Axle | AD9: 4-6Axle | AE9: 7+ - Axle | AF9: 2-Wheeler | AG9: 3-Wheeler | AH9: Tractor | AI9: Tractor with trailor | AJ9: Cycle | AK9: Rickshaw | AL9: EME & HCM | AM9: Passenger Vehicles | AN9: Freight Vehicles | AO9: Total Fast Moving Vehicles | AP9: Total Slow Moving Vehicles | AQ9: Total Vehicles | AR9: Total PCU
A10: ='Day-5'!A10 -> 12:00-13:00 | B10: 130 | C10: 22 | D10: 18 | E10: 34 | F10: 16 | G10: 16 | H10: 66 | I10: 0 | J10: 158 | K10: 52 | L10: 0 | M10: 4 | N10: 0 | O10: 0 | P10: 0 | Q10: =B10+C10+J10+K10+N10+O10 -> 362 | R10: =D10+E10+F10+G10+H10+I10+L10+M10+P10 -> 154 | S10: =Q10+R10 -> 516 | T10: =N10+O10 -> 0 | U10: =SUM(B10:P10) -> 516 | V10: =SUMPRODUCT(B10:P10,$B$7:$P$7) -> 807 | W10: =A10 -> 12:00-13:00 | X10: =B10+B44 -> 243 | Y10: =C10+C44 -> 45 | Z10: =D10+D44 -> 34 | AA10: =E10+E44 -> 53 | AB10: =F10+F44 -> 41 | AC10: =G10+G44 -> 30 | AD10: =H10+H44 -> 118 | AE10: =I10+I44 -> 0 | ... AR10: =V10+V44 -> 1526.5
A11: ='Day-5'!A11 -> 13:00-14:00 | B11: 128 | C11: 18 | D11: 12 | E11: 28 | F11: 14 | G11: 19 | H11: 73 | I11: 0 | J11: 124 | K11: 38 | L11: 0 | M11: 7 | N11: 0 | O11: 0 | P11: 0 | Q11: =B11+C11+J11+K11+N11+O11 -> 308 | R11: =D11+E11+F11+G11+H11+I11+L11+M11+P11 -> 153 | S11: =Q11+R11 -> 461 | T11: =N11+O11 -> 0 | U11: =SUM(B11:P11) -> 461 | V11: =SUMPRODUCT(B11:P11,$B$7:$P$7) -> 795 | W11: =A11 -> 13:00-14:00 | X11: =B11+B45 -> 225 | Y11: =C11+C45 -> 47 | Z11: =D11+D45 -> 43 | AA11: =E11+E45 -> 40 | AB11: =F11+F45 -> 41 | AC11: =G11+G45 -> 43 | AD11: =H11+H45 -> 129 | AE11: =I11+I45 -> 0 | ... AR11: =V11+V45 -> 1581.5
A12: ='Day-5'!A12 -> 14:00-15:00 | B12: 157 | C12: 27 | D12: 24 | E12: 28 | F12: 12 | G12: 21 | H12: 82 | I12: 0 | J12: 169 | K12: 34 | L12: 2 | M12: 4 | N12: 0 | O12: 0 | P12: 0 | Q12: =B12+C12+J12+K12+N12+O12 -> 387 | R12: =D12+E12+F12+G12+H12+I12+L12+M12+P12 -> 173 | S12: =Q12+R12 -> 560 | T12: =N12+O12 -> 0 | U12: =SUM(B12:P12) -> 560 | V12: =SUMPRODUCT(B12:P12,$B$7:$P$7) -> 911.5 | W12: =A12 -> 14:00-15:00 | X12: =B12+B46 -> 280 | Y12: =C12+C46 -> 48 | Z12: =D12+D46 -> 48 | AA12: =E12+E46 -> 41 | AB12: =F12+F46 -> 46 | AC12: =G12+G46 -> 48 | AD12: =H12+H46 -> 147 | AE12: =I12+I46 -> 0 | ... AR12: =V12+V46 -> 1746.5
A13: ='Day-5'!A13 -> 15:00-16:00 | B13: 182 | C13: 24 | D13: 17 | E13: 25 | F13: 14 | G13: 26 | H13: 82 | I13: 0 | J13: 168 | K13: 35 | L13: 0 | M13: 7 | N13: 0 | O13: 0 | P13: 0 | Q13: =B13+C13+J13+K13+N13+O13 -> 409 | R13: =D13+E13+F13+G13+H13+I13+L13+M13+P13 -> 171 | S13: =Q13+R13 -> 580 | T13: =N13+O13 -> 0 | U13: =SUM(B13:P13) -> 580 | V13: =SUMPRODUCT(B13:P13,$B$7:$P$7) -> 948 | W13: =A13 -> 15:00-16:00 | X13: =B13+B47 -> 327 | Y13: =C13+C47 -> 52 | Z13: =D13+D47 -> 48 | AA13: =E13+E47 -> 39 | AB13: =F13+F47 -> 45 | AC13: =G13+G47 -> 39 | AD13: =H13+H47 -> 166 | AE13: =I13+I47 -> 0 | ... AR13: =V13+V47 -> 1879.5
A14: ='Day-5'!A14 -> 16:00-17:00 | B14: 199 | C14: 17 | D14: 28 | E14: 16 | F14: 16 | G14: 15 | H14: 84 | I14: 0 | J14: 213 | K14: 48 | L14: 0 | M14: 6 | N14: 0 | O14: 0 | P14: 0 | Q14: =B14+C14+J14+K14+N14+O14 -> 477 | R14: =D14+E14+F14+G14+H14+I14+L14+M14+P14 -> 165 | S14: =Q14+R14 -> 642 | T14: =N14+O14 -> 0 | U14: =SUM(B14:P14) -> 642 | V14: =SUMPRODUCT(B14:P14,$B$7:$P$7) -> 954.5 | W14: =A14 -> 16:00-17:00 | X14: =B14+B48 -> 378 | Y14: =C14+C48 -> 45 | Z14: =D14+D48 -> 49 | AA14: =E14+E48 -> 45 | AB14: =F14+F48 -> 47 | AC14: =G14+G48 -> 40 | AD14: =H14+H48 -> 175 | AE14: =I14+I48 -> 0 | ... AR14: =V14+V48 -> 1998
A15: ='Day-5'!A15 -> 17:00-18:00 | B15: 167 | C15: 33 | D15: 12 | E15: 30 | F15: 19 | G15: 25 | H15: 81 | I15: 0 | J15: 242 | K15: 37 | L15: 0 | M15: 3 | N15: 0 | O15: 0 | P15: 0 | Q15: =B15+C15+J15+K15+N15+O15 -> 479 | R15: =D15+E15+F15+G15+H15+I15+L15+M15+P15 -> 170 | S15: =Q15+R15 -> 649 | T15: =N15+O15 -> 0 | U15: =SUM(B15:P15) -> 649 | V15: =SUMPRODUCT(B15:P15,$B$7:$P$7) -> 991 | W15: =A15 -> 17:00-18:00 | X15: =B15+B49 -> 383 | Y15: =C15+C49 -> 65 | Z15: =D15+D49 -> 33 | AA15: =E15+E49 -> 41 | AB15: =F15+F49 -> 32 | AC15: =G15+G49 -> 50 | AD15: =H15+H49 -> 151 | AE15: =I15+I49 -> 0 | ... AR15: =V15+V49 -> 1946
A16: ='Day-5'!A16 -> 18:00-19:00 | B16: 225 | C16: 34 | D16: 29 | E16: 23 | F16: 21 | G16: 25 | H16: 68 | I16: 0 | J16: 214 | K16: 42 | L16: 0 | M16: 4 | N16: 0 | O16: 0 | P16: 0 | Q16: =B16+C16+J16+K16+N16+O16 -> 515 | R16: =D16+E16+F16+G16+H16+I16+L16+M16+P16 -> 170 | S16: =Q16+R16 -> 685 | T16: =N16+O16 -> 0 | U16: =SUM(B16:P16) -> 685 | V16: =SUMPRODUCT(B16:P16,$B$7:$P$7) -> 1001.5 | W16: =A16 -> 18:00-19:00 | X16: =B16+B50 -> 395 | Y16: =C16+C50 -> 53 | Z16: =D16+D50 -> 43 | AA16: =E16+E50 -> 50 | AB16: =F16+F50 -> 54 | AC16: =G16+G50 -> 55 | AD16: =H16+H50 -> 123 | AE16: =I16+I50 -> 0 | ... AR16: =V16+V50 -> 1942.5
A17: ='Day-5'!A17 -> 19:00-20:00 | B17: 211 | C17: 29 | D17: 19 | E17: 35 | F17: 16 | G17: 34 | H17: 91 | I17: 0 | J17: 238 | K17: 19 | L17: 0 | M17: 0 | N17: 0 | O17: 0 | P17: 0 | Q17: =B17+C17+J17+K17+N17+O17 -> 497 | R17: =D17+E17+F17+G17+H17+I17+L17+M17+P17 -> 195 | S17: =Q17+R17 -> 692 | T17: =N17+O17 -> 0 | U17: =SUM(B17:P17) -> 692 | V17: =SUMPRODUCT(B17:P17,$B$7:$P$7) -> 1067 | W17: =A17 -> 19:00-20:00 | X17: =B17+B51 -> 374 | Y17: =C17+C51 -> 50 | Z17: =D17+D51 -> 37 | AA17: =E17+E51 -> 61 | AB17: =F17+F51 -> 46 | AC17: =G17+G51 -> 48 | AD17: =H17+H51 -> 153 | AE17: =I17+I51 -> 0 | ... AR17: =V17+V51 -> 1924
A18: ='Day-5'!A18 -> 20:00-21:00 | B18: 133 | C18: 27 | D18: 23 | E18: 40 | F18: 30 | G18: 33 | H18: 95 | I18: 0 | J18: 117 | K18: 15 | L18: 0 | M18: 0 | N18: 0 | O18: 0 | P18: 0 | Q18: =B18+C18+J18+K18+N18+O18 -> 292 | R18: =D18+E18+F18+G18+H18+I18+L18+M18+P18 -> 221 | S18: =Q18+R18 -> 513 | T18: =N18+O18 -> 0 | U18: =SUM(B18:P18) -> 513 | V18: =SUMPRODUCT(B18:P18,$B$7:$P$7) -> 987 | W18: =A18 -> 20:00-21:00 | X18: =B18+B52 -> 250 | Y18: =C18+C52 -> 44 | Z18: =D18+D52 -> 37 | AA18: =E18+E52 -> 59 | AB18: =F18+F52 -> 59 | AC18: =G18+G52 -> 47 | AD18: =H18+H52 -> 160 | AE18: =I18+I52 -> 0 | ... AR18: =V18+V52 -> 1737.5
A19: ='Day-5'!A19 -> 21:00-22:00 | B19: 94 | C19: 27 | D19: 23 | E19: 30 | F19: 28 | G19: 17 | H19: 86 | I19: 0 | J19: 106 | K19: 11 | L19: 0 | M19: 2 | N19: 0 | O19: 0 | P19: 0 | Q19: =B19+C19+J19+K19+N19+O19 -> 238 | R19: =D19+E19+F19+G19+H19+I19+L19+M19+P19 -> 186 | S19: =Q19+R19 -> 424 | T19: =N19+O19 -> 0 | U19: =SUM(B19:P19) -> 424 | V19: =SUMPRODUCT(B19:P19,$B$7:$P$7) -> 838 | W19: =A19 -> 21:00-22:00 | X19: =B19+B53 -> 183 | Y19: =C19+C53 -> 51 | Z19: =D19+D53 -> 44 | AA19: =E19+E53 -> 47 | AB19: =F19+F53 -> 42 | AC19: =G19+G53 -> 42 | AD19: =H19+H53 -> 145 | AE19: =I19+I53 -> 0 | ... AR19: =V19+V53 -> 1518.5
A20: ='Day-5'!A20 -> 22:00-23:00 | B20: 52 | C20: 22 | D20: 24 | E20: 36 | F20: 26 | G20: 26 | H20: 105 | I20: 0 | J20: 45 | K20: 8 | L20: 0 | M20: 0 | N20: 0 | O20: 0 | P20: 0 | Q20: =B20+C20+J20+K20+N20+O20 -> 127 | R20: =D20+E20+F20+G20+H20+I20+L20+M20+P20 -> 217 | S20: =Q20+R20 -> 344 | T20: =N20+O20 -> 0 | U20: =SUM(B20:P20) -> 344 | V20: =SUMPRODUCT(B20:P20,$B$7:$P$7) -> 855 | W20: =A20 -> 22:00-23:00 | X20: =B20+B54 -> 140 | Y20: =C20+C54 -> 32 | Z20: =D20+D54 -> 41 | AA20: =E20+E54 -> 55 | AB20: =F20+F54 -> 47 | AC20: =G20+G54 -> 38 | AD20: =H20+H54 -> 165 | AE20: =I20+I54 -> 0 | ... AR20: =V20+V54 -> 1422
A21: ='Day-5'!A21 -> 23:00-00:00 | B21: 46 | C21: 14 | D21: 12 | E21: 17 | F21: 24 | G21: 18 | H21: 69 | I21: 0 | J21: 19 | K21: 5 | L21: 0 | M21: 0 | N21: 0 | O21: 0 | P21: 0 | Q21: =B21+C21+J21+K21+N21+O21 -> 84 | R21: =D21+E21+F21+G21+H21+I21+L21+M21+P21 -> 140 | S21: =Q21+R21 -> 224 | T21: =N21+O21 -> 0 | U21: =SUM(B21:P21) -> 224 | V21: =SUMPRODUCT(B21:P21,$B$7:$P$7) -> 576.5 | W21: =A21 -> 23:00-00:00 | X21: =B21+B55 -> 118 | Y21: =C21+C55 -> 22 | Z21: =D21+D55 -> 28 | AA21: =E21+E55 -> 31 | AB21: =F21+F55 -> 46 | AC21: =G21+G55 -> 39 | AD21: =H21+H55 -> 164 | AE21: =I21+I55 -> 0 | ... AR21: =V21+V55 -> 1301.5
... A33: ='Day-5'!A33 -> 11:00-12:00 | B33: 209 | C33: 24 | D33: 29 | E33: 16 | F33: 18 | G33: 24 | H33: 75 | I33: 0 | J33: 210 | K33: 40 | L33: 2 | M33: 6 | N33: 0 | O33: 0 | P33: 0 | Q33: =B33+C33+J33+K33+N33+O33 -> 483 | R33: =D33+E33+F33+G33+H33+I33+L33+M33+P33 -> 170 | S33: =Q33+R33 -> 653 | T33: =N33+O33 -> 0 | U33: =SUM(B33:P33) -> 653 | V33: =SUMPRODUCT(B33:P33,$B$7:$P$7) -> 972.5 | W33: =A33 -> 11:00-12:00 | X33: =B33+B67 -> 409 | Y33: =C33+C67 -> 42 | Z33: =D33+D67 -> 52 | AA33: =E33+E67 -> 38 | AB33: =F33+F67 -> 34 | AC33: =G33+G67 -> 49 | AD33: =H33+H67 -> 135 | AE33: =I33+I67 -> 0 | ... AR33: =V33+V67 -> 1852.5
A34: Total | B34: =SUM(B10:B33) -> 2968 | C34: =SUM(C10:C33) -> 466 | D34: =SUM(D10:D33) -> 433 | E34: =SUM(E10:E33) -> 563 | F34: =SUM(F10:F33) -> 442 | G34: =SUM(G10:G33) -> 527 | H34: =SUM(H10:H33) -> 1782 | I34: =SUM(I10:I33) -> 0 | ... V34: =SUM(V10:V33) -> 19172 | W34: Total | X34: =SUM(X10:X33) -> 5671 | Y34: =SUM(Y10:Y33) -> 958 | Z34: =SUM(Z10:Z33) -> 862 | AA34: =SUM(AA10:AA33) -> 978 | AB34: =SUM(AB10:AB33) -> 1005 | AC34: =SUM(AC10:AC33) -> 1100 | AD34: =SUM(AD10:AD33) -> 3627 | AE34: =SUM(AE10:AE33) -> 0 | ... AR34: =SUM(AR10:AR33) -> 38812.5
A38: Classified Traffic Volume Count Survey - DAY-6
A39: =A5 -> Location: | B39: =B5 -> Nathavalasa Toll Plaza | Q39: =Q5 -> Date: | R39: =R5 -> 45237
A40: Direction : | B40: ='Day-5'!B40:V40 -> Anandapuram to Ranasthalam
A41: PCU | B41: 1 | C41: 3 | D41: 1 | E41: 1.5 | F41: 3 | G41: 3 | H41: 4.5 | I41: 4.5 | J41: 0.5 | K41: 1 | L41: 1.5 | M41: 4.5 | N41: 0.5 | O41: 2 | P41: 4.5
A42: Time | B42: Motorized Vehicles | N42: Non- Motorized
B43: Car, Jeep, Van& Taxi | C43: Bus | D43: LMV | E43: LCV | F43: 2Axle | G43: 3Axle | H43: 4-6Axle | I43: 7+ - Axle | J43: 2-Wheeler | K43: 3-Wheeler | L43: Tractor | M43: Tractor with trailor | N43: Cycle | O43: Rickshaw | P43: EME & HCM | Q43: Passenger Vehicles | R43: Freight Vehicles | S43: Total Fast Moving Vehicles | T43: Total Slow Moving Vehicles | U43: Total Vehicles | V43: Total PCU
A44: =A10 -> 12:00-13:00 | B44: 113 | C44: 23 | D44: 16 | E44: 19 | F44: 25 | G44: 14 | H44: 52 | I44: 0 | J44: 186 | K44: 40 | L44: 0 | M44: 2 | N44: 0 | O44: 0 | P44: 0 | Q44: =B44+C44+J44+K44+N44+O44 -> 362 | R44: =D44+E44+F44+G44+H44+I44+L44+M44+P44 -> 128 | S44: =Q44+R44 -> 490 | T44: =N44+O44 -> 0 | U44: =SUM(B44:P44) -> 490 | V44: =SUMPRODUCT(B44:P44,$B$7:$P$7) -> 719.5
A45: =A11 -> 13:00-14:00 | B45: 97 | C45: 29 | D45: 31 | E45: 12 | F45: 27 | G45: 24 | H45: 56 | I45: 0 | J45: 195 | K45: 27 | L45: 0 | M45: 5 | N45: 3 | O45: 0 | P45: 0 | Q45: =B45+C45+J45+K45+N45+O45 -> 351 | R45: =D45+E45+F45+G45+H45+I45+L45+M45+P45 -> 155 | S45: =Q45+R45 -> 506 | T45: =N45+O45 -> 3 | U45: =SUM(B45:P45) -> 506 | V45: =SUMPRODUCT(B45:P45,$B$7:$P$7) -> 786.5
A46: =A12 -> 14:00-15:00 | B46: 123 | C46: 21 | D46: 24 | E46: 13 | F46: 34 | G46: 27 | H46: 65 | I46: 0 | J46: 162 | K46: 31 | L46: 0 | M46: 4 | N46: 0 | O46: 0 | P46: 0 | Q46: =B46+C46+J46+K46+N46+O46 -> 337 | R46: =D46+E46+F46+G46+H46+I46+L46+M46+P46 -> 167 | S46: =Q46+R46 -> 504 | T46: =N46+O46 -> 0 | U46: =SUM(B46:P46) -> 504 | V46: =SUMPRODUCT(B46:P46,$B$7:$P$7) -> 835
A47: =A13 -> 15:00-16:00 | B47: 145 | C47: 28 | D47: 31 | E47: 14 | F47: 31 | G47: 13 | H47: 84 | I47: 0 | J47: 183 | K47: 31 | L47: 0 | M47: 4 | N47: 0 | O47: 0 | P47: 0 | Q47: =B47+C47+J47+K47+N47+O47 -> 387 | R47: =D47+E47+F47+G47+H47+I47+L47+M47+P47 -> 177 | S47: =Q47+R47 -> 564 | T47: =N47+O47 -> 0 | U47: =SUM(B47:P47) -> 564 | V47: =SUMPRODUCT(B47:P47,$B$7:$P$7) -> 931.5
A48: =A14 -> 16:00-17:00 | B48: 179 | C48: 28 | D48: 21 | E48: 29 | F48: 31 | G48: 25 | H48: 91 | I48: 0 | J48: 164 | K48: 43 | L48: 0 | M48: 3 | N48: 0 | O48: 0 | P48: 0 | Q48: =B48+C48+J48+K48+N48+O48 -> 414 | R48: =D48+E48+F48+G48+H48+I48+L48+M48+P48 -> 200 | S48: =Q48+R48 -> 614 | T48: =N48+O48 -> 0 | U48: =SUM(B48:P48) -> 614 | V48: =SUMPRODUCT(B48:P48,$B$7:$P$7) -> 1043.5
A49: =A15 -> 17:00-18:00 | B49: 216 | C49: 32 | D49: 21 | E49: 11 | F49: 13 | G49: 25 | H49: 70 | I49: 0 | J49: 215 | K49: 42 | L49: 0 | M49: 6 | N49: 0 | O49: 0 | P49: 0 | Q49: =B49+C49+J49+K49+N49+O49 -> 505 | R49: =D49+E49+F49+G49+H49+I49+L49+M49+P49 -> 146 | S49: =Q49+R49 -> 651 | T49: =N49+O49 -> 0 | U49: =SUM(B49:P49) -> 651 | V49: =SUMPRODUCT(B49:P49,$B$7:$P$7) -> 955
A50: =A16 -> 18:00-19:00 | B50: 170 | C50: 19 | D50: 14 | E50: 27 | F50: 33 | G50: 30 | H50: 55 | I50: 0 | J50: 255 | K50: 63 | L50: 0 | M50: 7 | N50: 2 | O50: 0 | P50: 0 | Q50: =B50+C50+J50+K50+N50+O50 -> 509 | R50: =D50+E50+F50+G50+H50+I50+L50+M50+P50 -> 166 | S50: =Q50+R50 -> 675 | T50: =N50+O50 -> 2 | U50: =SUM(B50:P50) -> 675 | V50: =SUMPRODUCT(B50:P50,$B$7:$P$7) -> 941
A51: =A17 -> 19:00-20:00 | B51: 163 | C51: 21 | D51: 18 | E51: 26 | F51: 30 | G51: 14 | H51: 62 | I51: 0 | J51: 217 | K51: 32 | L51: 0 | M51: 5 | N51: 0 | O51: 0 | P51: 0 | Q51: =B51+C51+J51+K51+N51+O51 -> 433 | R51: =D51+E51+F51+G51+H51+I51+L51+M51+P51 -> 155 | S51: =Q51+R51 -> 588 | T51: =N51+O51 -> 0 | U51: =SUM(B51:P51) -> 588 | V51: =SUMPRODUCT(B51:P51,$B$7:$P$7) -> 857
A52: =A18 -> 20:00-21:00 | B52: 117 | C52: 17 | D52: 14 | E52: 19 | F52: 29 | G52: 14 | H52: 65 | I52: 0 | J52: 165 | K52: 9 | L52: 0 | M52: 4 | N52: 0 | O52: 0 | P52: 2 | Q52: =B52+C52+J52+K52+N52+O52 -> 308 | R52: =D52+E52+F52+G52+H52+I52+L52+M52+P52 -> 147 | S52: =Q52+R52 -> 455 | T52: =N52+O52 -> 0 | U52: =SUM(B52:P52) -> 455 | V52: =SUMPRODUCT(B52:P52,$B$7:$P$7) -> 750.5
A53: =A19 -> 21:00-22:00 | B53: 89 | C53: 24 | D53: 21 | E53: 17 | F53: 14 | G53: 25 | H53: 59 | I53: 0 | J53: 136 | K53: 9 | L53: 0 | M53: 3 | N53: 0 | O53: 0 | P53: 0 | Q53: =B53+C53+J53+K53+N53+O53 -> 258 | R53: =D53+E53+F53+G53+H53+I53+L53+M53+P53 -> 139 | S53: =Q53+R53 -> 397 | T53: =N53+O53 -> 0 | U53: =SUM(B53:P53) -> 397 | V53: =SUMPRODUCT(B53:P53,$B$7:$P$7) -> 680.5
A54: =A20 -> 22:00-23:00 | B54: 88 | C54: 10 | D54: 17 | E54: 19 | F54: 21 | G54: 12 | H54: 60 | I54: 0 | J54: 61 | K54: 4 | L54: 0 | M54: 0 | N54: 0 | O54: 0 | P54: 0 | Q54: =B54+C54+J54+K54+N54+O54 -> 163 | R54: =D54+E54+F54+G54+H54+I54+L54+M54+P54 -> 129 | S54: =Q54+R54 -> 292 | T54: =N54+O54 -> 0 | U54: =SUM(B54:P54) -> 292 | V54: =SUMPRODUCT(B54:P54,$B$7:$P$7) -> 567
A55: =A21 -> 23:00-00:00 | B55: 72 | C55: 8 | D55: 16 | E55: 14 | F55: 22 | G55: 21 | H55: 95 | I55: 0 | J55: 43 | K55: 4 | L55: 0 | M55: 2 | N55: 2 | O55: 0 | P55: 0 | Q55: =B55+C55+J55+K55+N55+O55 -> 129 | R55: =D55+E55+F55+G55+H55+I55+L55+M55+P55 -> 170 | S55: =Q55+R55 -> 299 | T55: =N55+O55 -> 2 | U55: =SUM(B55:P55) -> 299 | V55: =SUMPRODUCT(B55:P55,$B$7:$P$7) -> 725
... A67: =A33 -> 11:00-12:00 | B67: 200 | C67: 18 | D67: 23 | E67: 22 | F67: 16 | G67: 25 | H67: 60 | I67: 0 | J67: 209 | K67: 47 | L67: 2 | M67: 5 | N67: 0 | O67: 0 | P67: 0 | Q67: =B67+C67+J67+K67+N67+O67 -> 474 | R67: =D67+E67+F67+G67+H67+I67+L67+M67+P67 -> 153 | S67: =Q67+R67 -> 627 | T67: =N67+O67 -> 0 | U67: =SUM(B67:P67) -> 627 | V67: =SUMPRODUCT(B67:P67,$B$7:$P$7) -> 880
A68: Total | B68: =SUM(B44:B67) -> 2703 | C68: =SUM(C44:C67) -> 492 | D68: =SUM(D44:D67) -> 429 | E68: =SUM(E44:E67) -> 415 | F68: =SUM(F44:F67) -> 563 | G68: =SUM(G44:G67) -> 573 | H68: =SUM(H44:H67) -> 1845 | I68: =SUM(I44:I67) -> 0 | ... V68: =SUM(V44:V67) -> 19640.5

Sheet Day-7
A4: Classified Traffic Volume Count Survey - DAY-7 | W4: Classified Traffic Volume Count Survey - DAY-7
A5: Location: | B5: ='Day-6'!B5:P5 -> Nathavalasa Toll Plaza | Q5: Date: | R5: 45238 | W5: =A5 -> Location: | X5: =B5 -> Nathavalasa Toll Plaza | AJ5: =Q5 -> Date: | AK5: =R5 -> 45238
A6: Direction : | B6: ='Day-6'!B6:V6 -> Ranasthalam to Anandapuram | W6: Direction : Both Directions
A7: PCU | B7: 1 | C7: 3 | D7: 1 | E7: 1.5 | F7: 3 | G7: 3 | H7: 4.5 | I7: 4.5 | J7: 0.5 | K7: 1 | L7: 1.5 | M7: 4.5 | N7: 0.5 | O7: 2 | P7: 4.5 | W7: PCU | X7: 1 | Y7: 3 | Z7: 1 | AA7: 1.5 | AB7: 3 | AC7: 3 | AD7: 4.5 | AE7: 4.5 | AF7: 0.5 | AG7: 1 | AH7: 1.5 | AI7: 4.5 | AJ7: 0.5 | AK7: 2 | AL7: 4.5
A8: Time | B8: Motorized Vehicles | N8: Non Motorized | W8: Time | X8: Motorized Vehicles | AJ8: Non Motorized
B9: Car, Jeep, Van& Taxi | C9: Bus | D9: LMV | E9: LCV | F9: 2Axle | G9: 3Axle | H9: 4-6Axle | I9: 7+ - Axle | J9: 2-Wheeler | K9: 3-Wheeler | L9: Tractor | M9: Tractor with trailor | N9: Cycle | O9: Rickshaw | P9: EME & HCM | Q9: Passenger Vehicles | R9: Freight Vehicles | S9: Total Fast Moving Vehicles | T9: Total Slow Moving Vehicles | U9: Total Vehicles | V9: Total PCU | X9: Car, Jeep, Van& Taxi | Y9: Bus | Z9: LMV | AA9: LCV | AB9: 2Axle | AC9: 3Axle | AD9: 4-6Axle | AE9: 7+ - Axle | AF9: 2-Wheeler | AG9: 3-Wheeler | AH9: Tractor | AI9: Tractor with trailor | AJ9: Cycle | AK9: Rickshaw | AL9: EME & HCM | AM9: Passenger Vehicles | AN9: Freight Vehicles | AO9: Total Fast Moving Vehicles | AP9: Total Slow Moving Vehicles | AQ9: Total Vehicles | AR9: Total PCU
A10: ='Day-6'!A10 -> 12:00-13:00 | B10: 170 | C10: 26 | D10: 21 | E10: 19 | F10: 19 | G10: 24 | H10: 61 | I10: 0 | J10: 180 | K10: 24 | L10: 4 | M10: 0 | N10: 0 | O10: 0 | P10: 2 | Q10: =B10+C10+J10+K10+N10+O10 -> 400 | R10: =D10+E10+F10+G10+H10+I10+L10+M10+P10 -> 150 | S10: =Q10+R10 -> 550 | T10: =N10+O10 -> 0 | U10: =SUM(B10:P10) -> 550 | V10: =SUMPRODUCT(B10:P10,$B$7:$P$7) -> 830 | W10: =A10 -> 12:00-13:00 | X10: =B10+B44 -> 314 | Y10: =C10+C44 -> 57 | Z10: =D10+D44 -> 39 | AA10: =E10+E44 -> 49 | AB10: =F10+F44 -> 31 | AC10: =G10+G44 -> 47 | AD10: =H10+H44 -> 132 | AE10: =I10+I44 -> 0 | ... AR10: =V10+V44 -> 1684
A11: ='Day-6'!A11 -> 13:00-14:00 | B11: 186 | C11: 32 | D11: 17 | E11: 17 | F11: 18 | G11: 19 | H11: 73 | I11: 0 | J11: 235 | K11: 37 | L11: 4 | M11: 0 | N11: 0 | O11: 0 | P11: 2 | Q11: =B11+C11+J11+K11+N11+O11 -> 490 | R11: =D11+E11+F11+G11+H11+I11+L11+M11+P11 -> 150 | S11: =Q11+R11 -> 640 | T11: =N11+O11 -> 0 | U11: =SUM(B11:P11) -> 640 | V11: =SUMPRODUCT(B11:P11,$B$7:$P$7) -> 933.5 | W11: =A11 -> 13:00-14:00 | X11: =B11+B45 -> 353 | Y11: =C11+C45 -> 57 | Z11: =D11+D45 -> 40 | AA11: =E11+E45 -> 44 | AB11: =F11+F45 -> 30 | AC11: =G11+G45 -> 47 | AD11: =H11+H45 -> 130 | AE11: =I11+I45 -> 0 | ... AR11: =V11+V45 -> 1700
A12: ='Day-6'!A12 -> 14:00-15:00 | B12: 181 | C12: 21 | D12: 31 | E12: 15 | F12: 11 | G12: 27 | H12: 53 | I12: 0 | J12: 252 | K12: 38 | L12: 5 | M12: 0 | N12: 0 | O12: 0 | P12: 0 | Q12: =B12+C12+J12+K12+N12+O12 -> 492 | R12: =D12+E12+F12+G12+H12+I12+L12+M12+P12 -> 142 | S12: =Q12+R12 -> 634 | T12: =N12+O12 -> 0 | U12: =SUM(B12:P12) -> 634 | V12: =SUMPRODUCT(B12:P12,$B$7:$P$7) -> 821.5 | W12: =A12 -> 14:00-15:00 | X12: =B12+B46 -> 387 | Y12: =C12+C46 -> 44 | Z12: =D12+D46 -> 47 | AA12: =E12+E46 -> 38 | AB12: =F12+F46 -> 27 | AC12: =G12+G46 -> 56 | AD12: =H12+H46 -> 115 | AE12: =I12+I46 -> 0 | ... AR12: =V12+V46 -> 1739.5
A13: ='Day-6'!A13 -> 15:00-16:00 | B13: 211 | C13: 28 | D13: 33 | E13: 18 | F13: 22 | G13: 30 | H13: 86 | I13: 0 | J13: 246 | K13: 47 | L13: 5 | M13: 0 | N13: 0 | O13: 0 | P13: 2 | Q13: =B13+C13+J13+K13+N13+O13 -> 532 | R13: =D13+E13+F13+G13+H13+I13+L13+M13+P13 -> 196 | S13: =Q13+R13 -> 728 | T13: =N13+O13 -> 0 | U13: =SUM(B13:P13) -> 728 | V13: =SUMPRODUCT(B13:P13,$B$7:$P$7) -> 1084.5 | W13: =A13 -> 15:00-16:00 | X13: =B13+B47 -> 471 | Y13: =C13+C47 -> 59 | Z13: =D13+D47 -> 52 | AA13: =E13+E47 -> 33 | AB13: =F13+F47 -> 30 | AC13: =G13+G47 -> 62 | AD13: =H13+H47 -> 180 | AE13: =I13+I47 -> 0 | ... AR13: =V13+V47 -> 2190
A14: ='Day-6'!A14 -> 16:00-17:00 | B14: 203 | C14: 34 | D14: 21 | E14: 30 | F14: 14 | G14: 25 | H14: 78 | I14: 0 | J14: 308 | K14: 40 | L14: 0 | M14: 7 | N14: 2 | O14: 0 | P14: 0 | Q14: =B14+C14+J14+K14+N14+O14 -> 587 | R14: =D14+E14+F14+G14+H14+I14+L14+M14+P14 -> 175 | S14: =Q14+R14 -> 762 | T14: =N14+O14 -> 2 | U14: =SUM(B14:P14) -> 762 | V14: =SUMPRODUCT(B14:P14,$B$7:$P$7) -> 1065.5 | W14: =A14 -> 16:00-17:00 | X14: =B14+B48 -> 441 | Y14: =C14+C48 -> 61 | Z14: =D14+D48 -> 46 | AA14: =E14+E48 -> 47 | AB14: =F14+F48 -> 28 | AC14: =G14+G48 -> 42 | AD14: =H14+H48 -> 135 | AE14: =I14+I48 -> 0 | ... AR14: =V14+V48 -> 1967.5
A15: ='Day-6'!A15 -> 17:00-18:00 | B15: 188 | C15: 23 | D15: 27 | E15: 31 | F15: 14 | G15: 22 | H15: 111 | I15: 0 | J15: 210 | K15: 30 | L15: 0 | M15: 3 | N15: 0 | O15: 0 | P15: 0 | Q15: =B15+C15+J15+K15+N15+O15 -> 451 | R15: =D15+E15+F15+G15+H15+I15+L15+M15+P15 -> 208 | S15: =Q15+R15 -> 659 | T15: =N15+O15 -> 0 | U15: =SUM(B15:P15) -> 659 | V15: =SUMPRODUCT(B15:P15,$B$7:$P$7) -> 1086.5 | W15: =A15 -> 17:00-18:00 | X15: =B15+B49 -> 390 | Y15: =C15+C49 -> 40 | Z15: =D15+D49 -> 44 | AA15: =E15+E49 -> 48 | AB15: =F15+F49 -> 40 | AC15: =G15+G49 -> 34 | AD15: =H15+H49 -> 192 | AE15: =I15+I49 -> 0 | ... AR15: =V15+V49 -> 2086
A16: ='Day-6'!A16 -> 18:00-19:00 | B16: 158 | C16: 24 | D16: 19 | E16: 30 | F16: 17 | G16: 21 | H16: 120 | I16: 0 | J16: 193 | K16: 19 | L16: 3 | M16: 0 | N16: 0 | O16: 0 | P16: 0 | Q16: =B16+C16+J16+K16+N16+O16 -> 394 | R16: =D16+E16+F16+G16+H16+I16+L16+M16+P16 -> 210 | S16: =Q16+R16 -> 604 | T16: =N16+O16 -> 0 | U16: =SUM(B16:P16) -> 604 | V16: =SUMPRODUCT(B16:P16,$B$7:$P$7) -> 1068 | W16: =A16 -> 18:00-19:00 | X16: =B16+B50 -> 349 | Y16: =C16+C50 -> 39 | Z16: =D16+D50 -> 30 | AA16: =E16+E50 -> 55 | AB16: =F16+F50 -> 29 | AC16: =G16+G50 -> 36 | AD16: =H16+H50 -> 191 | AE16: =I16+I50 -> 0 | ... AR16: =V16+V50 -> 1904.5
A17: ='Day-6'!A17 -> 19:00-20:00 | B17: 125 | C17: 19 | D17: 11 | E17: 46 | F17: 17 | G17: 18 | H17: 113 | I17: 0 | J17: 110 | K17: 8 | L17: 2 | M17: 0 | N17: 0 | O17: 0 | P17: 0 | Q17: =B17+C17+J17+K17+N17+O17 -> 262 | R17: =D17+E17+F17+G17+H17+I17+L17+M17+P17 -> 207 | S17: =Q17+R17 -> 469 | T17: =N17+O17 -> 0 | U17: =SUM(B17:P17) -> 469 | V17: =SUMPRODUCT(B17:P17,$B$7:$P$7) -> 941.5 | W17: =A17 -> 19:00-20:00 | X17: =B17+B51 -> 321 | Y17: =C17+C51 -> 43 | Z17: =D17+D51 -> 24 | AA17: =E17+E51 -> 75 | AB17: =F17+F51 -> 44 | AC17: =G17+G51 -> 33 | AD17: =H17+H51 -> 188 | AE17: =I17+I51 -> 0 | ... AR17: =V17+V51 -> 1834
A18: ='Day-6'!A18 -> 20:00-21:00 | B18: 79 | C18: 17 | D18: 12 | E18: 29 | F18: 19 | G18: 11 | H18: 100 | I18: 0 | J18: 101 | K18: 18 | L18: 2 | M18: 0 | N18: 0 | O18: 0 | P18: 0 | Q18: =B18+C18+J18+K18+N18+O18 -> 215 | R18: =D18+E18+F18+G18+H18+I18+L18+M18+P18 -> 173 | S18: =Q18+R18 -> 388 | T18: =N18+O18 -> 0 | U18: =SUM(B18:P18) -> 388 | V18: =SUMPRODUCT(B18:P18,$B$7:$P$7) -> 797 | W18: =A18 -> 20:00-21:00 | X18: =B18+B52 -> 204 | Y18: =C18+C52 -> 34 | Z18: =D18+D52 -> 28 | AA18: =E18+E52 -> 58 | AB18: =F18+F52 -> 44 | AC18: =G18+G52 -> 24 | AD18: =H18+H52 -> 175 | AE18: =I18+I52 -> 0 | ... AR18: =V18+V52 -> 1567
A19: ='Day-6'!A19 -> 21:00-22:00 | B19: 52 | C19: 27 | D19: 16 | E19: 15 | F19: 19 | G19: 11 | H19: 121 | I19: 0 | J19: 37 | K19: 10 | L19: 0 | M19: 0 | N19: 0 | O19: 0 | P19: 0 | Q19: =B19+C19+J19+K19+N19+O19 -> 126 | R19: =D19+E19+F19+G19+H19+I19+L19+M19+P19 -> 182 | S19: =Q19+R19 -> 308 | T19: =N19+O19 -> 0 | U19: =SUM(B19:P19) -> 308 | V19: =SUMPRODUCT(B19:P19,$B$7:$P$7) -> 834.5 | W19: =A19 -> 21:00-22:00 | X19: =B19+B53 -> 156 | Y19: =C19+C53 -> 39 | Z19: =D19+D53 -> 25 | AA19: =E19+E53 -> 37 | AB19: =F19+F53 -> 30 | AC19: =G19+G53 -> 22 | AD19: =H19+H53 -> 214 | AE19: =I19+I53 -> 0 | ... AR19: =V19+V53 -> 1545.5
A20: ='Day-6'!A20 -> 22:00-23:00 | B20: 48 | C20: 5 | D20: 15 | E20: 10 | F20: 18 | G20: 8 | H20: 120 | I20: 0 | J20: 46 | K20: 7 | L20: 3 | M20: 0 | N20: 0 | O20: 0 | P20: 0 | Q20: =B20+C20+J20+K20+N20+O20 -> 106 | R20: =D20+E20+F20+G20+H20+I20+L20+M20+P20 -> 174 | S20: =Q20+R20 -> 280 | T20: =N20+O20 -> 0 | U20: =SUM(B20:P20) -> 280 | V20: =SUMPRODUCT(B20:P20,$B$7:$P$7) -> 745.5 | W20: =A20 -> 22:00-23:00 | X20: =B20+B54 -> 105 | Y20: =C20+C54 -> 10 | Z20: =D20+D54 -> 26 | AA20: =E20+E54 -> 37 | AB20: =F20+F54 -> 28 | AC20: =G20+G54 -> 13 | AD20: =H20+H54 -> 234 | AE20: =I20+I54 -> 0 | ... AR20: =V20+V54 -> 1468.5
A21: ='Day-6'!A21 -> 23:00-00:00 | B21: 36 | C21: 2 | D21: 23 | E21: 14 | F21: 13 | G21: 3 | H21: 148 | I21: 0 | J21: 14 | K21: 2 | L21: 0 | M21: 0 | N21: 0 | O21: 0 | P21: 0 | Q21: =B21+C21+J21+K21+N21+O21 -> 54 | R21: =D21+E21+F21+G21+H21+I21+L21+M21+P21 -> 201 | S21: =Q21+R21 -> 255 | T21: =N21+O21 -> 0 | U21: =SUM(B21:P21) -> 255 | V21: =SUMPRODUCT(B21:P21,$B$7:$P$7) -> 809 | W21: =A21 -> 23:00-00:00 | X21: =B21+B55 -> 81 | Y21: =C21+C55 -> 5 | Z21: =D21+D55 -> 50 | AA21: =E21+E55 -> 33 | AB21: =F21+F55 -> 30 | AC21: =G21+G55 -> 10 | AD21: =H21+H55 -> 311 | AE21: =I21+I55 -> 0 | ... AR21: =V21+V55 -> 1736.5
... A33: ='Day-6'!A33 -> 11:00-12:00 | B33: 205 | C33: 23 | D33: 18 | E33: 14 | F33: 12 | G33: 14 | H33: 68 | I33: 0 | J33: 262 | K33: 30 | L33: 0 | M33: 2 | N33: 0 | O33: 0 | P33: 0 | Q33: =B33+C33+J33+K33+N33+O33 -> 520 | R33: =D33+E33+F33+G33+H33+I33+L33+M33+P33 -> 128 | S33: =Q33+R33 -> 648 | T33: =N33+O33 -> 0 | U33: =SUM(B33:P33) -> 648 | V33: =SUMPRODUCT(B33:P33,$B$7:$P$7) -> 867 | W33: =A33 -> 11:00-12:00 | X33: =B33+B67 -> 606 | Y33: =C33+C67 -> 44 | Z33: =D33+D67 -> 66 | AA33: =E33+E67 -> 38 | AB33: =F33+F67 -> 57 | AC33: =G33+G67 -> 56 | AD33: =H33+H67 -> 192 | AE33: =I33+I67 -> 0 | ... AR33: =V33+V67 -> 2408
A34: Total | B34: =SUM(B10:B33) -> 3318 | C34: =SUM(C10:C33) -> 458 | D34: =SUM(D10:D33) -> 430 | E34: =SUM(E10:E33) -> 465 | F34: =SUM(F10:F33) -> 346 | G34: =SUM(G10:G33) -> 339 | H34: =SUM(H10:H33) -> 2150 | I34: =SUM(I10:I33) -> 0 | ... V34: =SUM(V10:V33) -> 20442 | W34: Total | X34: =SUM(X10:X33) -> 7407 | Y34: =SUM(Y10:Y33) -> 932 | Z34: =SUM(Z10:Z33) -> 834 | AA34: =SUM(AA10:AA33) -> 928 | AB34: =SUM(AB10:AB33) -> 853 | AC34: =SUM(AC10:AC33) -> 842 | AD34: =SUM(AD10:AD33) -> 4496 | AE34: =SUM(AE10:AE33) -> 0 | ... AR34: =SUM(AR10:AR33) -> 43663.5
A38: Classified Traffic Volume Count Survey - DAY-7
A39: =A5 -> Location: | B39: ='Day-6'!B5:P5 -> Nathavalasa Toll Plaza | Q39: =Q5 -> Date: | R39: =R5 -> 45238
A40: Direction | B40: ='Day-6'!B40:V40 -> Anandapuram to Ranasthalam
A41: PCU | B41: 1 | C41: 3 | D41: 1 | E41: 1.5 | F41: 3 | G41: 3 | H41: 4.5 | I41: 4.5 | J41: 0.5 | K41: 1 | L41: 1.5 | M41: 4.5 | N41: 0.5 | O41: 2 | P41: 4.5
A42: Time | B42: Motorized Vehicles | N42: Non Motorized
B43: Car, Jeep, Van& Taxi | C43: Bus | D43: LMV | E43: LCV | F43: 2Axle | G43: 3Axle | H43: 4-6Axle | I43: 7+ - Axle | J43: 2-Wheeler | K43: 3-Wheeler | L43: Tractor | M43: Tractor with trailor | N43: Cycle | O43: Rickshaw | P43: EME & HCM | Q43: Passenger Vehicles | R43: Freight Vehicles | S43: Total Fast Moving Vehicles | T43: Total Slow Moving Vehicles | U43: Total Vehicles | V43: Total PCU
A44: =A10 -> 12:00-13:00 | B44: 144 | C44: 31 | D44: 18 | E44: 30 | F44: 12 | G44: 23 | H44: 71 | I44: 0 | J44: 108 | K44: 41 | L44: 2 | M44: 5 | N44: 0 | O44: 0 | P44: 2 | Q44: =B44+C44+J44+K44+N44+O44 -> 324 | R44: =D44+E44+F44+G44+H44+I44+L44+M44+P44 -> 163 | S44: =Q44+R44 -> 487 | T44: =N44+O44 -> 0 | U44: =SUM(B44:P44) -> 487 | V44: =SUMPRODUCT(B44:P44,$B$7:$P$7) -> 854
A45: =A11 -> 13:00-14:00 | B45: 167 | C45: 25 | D45: 23 | E45: 27 | F45: 12 | G45: 28 | H45: 57 | I45: 0 | J45: 115 | K45: 24 | L45: 2 | M45: 0 | N45: 0 | O45: 0 | P45: 0 | Q45: =B45+C45+J45+K45+N45+O45 -> 331 | R45: =D45+E45+F45+G45+H45+I45+L45+M45+P45 -> 149 | S45: =Q45+R45 -> 480 | T45: =N45+O45 -> 0 | U45: =SUM(B45:P45) -> 480 | V45: =SUMPRODUCT(B45:P45,$B$7:$P$7) -> 766.5
A46: =A12 -> 14:00-15:00 | B46: 206 | C46: 23 | D46: 16 | E46: 23 | F46: 16 | G46: 29 | H46: 62 | I46: 0 | J46: 195 | K46: 41 | L46: 2 | M46: 8 | N46: 2 | O46: 0 | P46: 0 | Q46: =B46+C46+J46+K46+N46+O46 -> 467 | R46: =D46+E46+F46+G46+H46+I46+L46+M46+P46 -> 156 | S46: =Q46+R46 -> 623 | T46: =N46+O46 -> 2 | U46: =SUM(B46:P46) -> 623 | V46: =SUMPRODUCT(B46:P46,$B$7:$P$7) -> 918
A47: =A13 -> 15:00-16:00 | B47: 260 | C47: 31 | D47: 19 | E47: 15 | F47: 8 | G47: 32 | H47: 94 | I47: 0 | J47: 201 | K47: 35 | L47: 0 | M47: 7 | N47: 2 | O47: 0 | P47: 0 | Q47: =B47+C47+J47+K47+N47+O47 -> 529 | R47: =D47+E47+F47+G47+H47+I47+L47+M47+P47 -> 175 | S47: =Q47+R47 -> 704 | T47: =N47+O47 -> 2 | U47: =SUM(B47:P47) -> 704 | V47: =SUMPRODUCT(B47:P47,$B$7:$P$7) -> 1105.5
A48: =A14 -> 16:00-17:00 | B48: 238 | C48: 27 | D48: 25 | E48: 17 | F48: 14 | G48: 17 | H48: 57 | I48: 0 | J48: 211 | K48: 61 | L48: 2 | M48: 3 | N48: 0 | O48: 0 | P48: 0 | Q48: =B48+C48+J48+K48+N48+O48 -> 537 | R48: =D48+E48+F48+G48+H48+I48+L48+M48+P48 -> 135 | S48: =Q48+R48 -> 672 | T48: =N48+O48 -> 0 | U48: =SUM(B48:P48) -> 672 | V48: =SUMPRODUCT(B48:P48,$B$7:$P$7) -> 902
A49: =A15 -> 17:00-18:00 | B49: 202 | C49: 17 | D49: 17 | E49: 17 | F49: 26 | G49: 12 | H49: 81 | I49: 0 | J49: 287 | K49: 55 | L49: 0 | M49: 6 | N49: 0 | O49: 0 | P49: 0 | Q49: =B49+C49+J49+K49+N49+O49 -> 561 | R49: =D49+E49+F49+G49+H49+I49+L49+M49+P49 -> 159 | S49: =Q49+R49 -> 720 | T49: =N49+O49 -> 0 | U49: =SUM(B49:P49) -> 720 | V49: =SUMPRODUCT(B49:P49,$B$7:$P$7) -> 999.5
A50: =A16 -> 18:00-19:00 | B50: 191 | C50: 15 | D50: 11 | E50: 25 | F50: 12 | G50: 15 | H50: 71 | I50: 0 | J50: 249 | K50: 18 | L50: 0 | M50: 2 | N50: 0 | O50: 0 | P50: 0 | Q50: =B50+C50+J50+K50+N50+O50 -> 473 | R50: =D50+E50+F50+G50+H50+I50+L50+M50+P50 -> 136 | S50: =Q50+R50 -> 609 | T50: =N50+O50 -> 0 | U50: =SUM(B50:P50) -> 609 | V50: =SUMPRODUCT(B50:P50,$B$7:$P$7) -> 836.5
A51: =A17 -> 19:00-20:00 | B51: 196 | C51: 24 | D51: 13 | E51: 29 | F51: 27 | G51: 15 | H51: 75 | I51: 0 | J51: 189 | K51: 10 | L51: 0 | M51: 0 | N51: 0 | O51: 0 | P51: 0 | Q51: =B51+C51+J51+K51+N51+O51 -> 419 | R51: =D51+E51+F51+G51+H51+I51+L51+M51+P51 -> 159 | S51: =Q51+R51 -> 578 | T51: =N51+O51 -> 0 | U51: =SUM(B51:P51) -> 578 | V51: =SUMPRODUCT(B51:P51,$B$7:$P$7) -> 892.5
A52: =A18 -> 20:00-21:00 | B52: 125 | C52: 17 | D52: 16 | E52: 29 | F52: 25 | G52: 13 | H52: 75 | I52: 0 | J52: 142 | K52: 12 | L52: 0 | M52: 0 | N52: 0 | O52: 0 | P52: 0 | Q52: =B52+C52+J52+K52+N52+O52 -> 296 | R52: =D52+E52+F52+G52+H52+I52+L52+M52+P52 -> 158 | S52: =Q52+R52 -> 454 | T52: =N52+O52 -> 0 | U52: =SUM(B52:P52) -> 454 | V52: =SUMPRODUCT(B52:P52,$B$7:$P$7) -> 770
A53: =A19 -> 21:00-22:00 | B53: 104 | C53: 12 | D53: 9 | E53: 22 | F53: 11 | G53: 11 | H53: 93 | I53: 0 | J53: 81 | K53: 4 | L53: 0 | M53: 0 | N53: 0 | O53: 0 | P53: 0 | Q53: =B53+C53+J53+K53+N53+O53 -> 201 | R53: =D53+E53+F53+G53+H53+I53+L53+M53+P53 -> 146 | S53: =Q53+R53 -> 347 | T53: =N53+O53 -> 0 | U53: =SUM(B53:P53) -> 347 | V53: =SUMPRODUCT(B53:P53,$B$7:$P$7) -> 711
A54: =A20 -> 22:00-23:00 | B54: 57 | C54: 5 | D54: 11 | E54: 27 | F54: 10 | G54: 5 | H54: 114 | I54: 0 | J54: 50 | K54: 3 | L54: 0 | M54: 3 | N54: 0 | O54: 0 | P54: 0 | Q54: =B54+C54+J54+K54+N54+O54 -> 115 | R54: =D54+E54+F54+G54+H54+I54+L54+M54+P54 -> 170 | S54: =Q54+R54 -> 285 | T54: =N54+O54 -> 0 | U54: =SUM(B54:P54) -> 285 | V54: =SUMPRODUCT(B54:P54,$B$7:$P$7) -> 723
A55: =A21 -> 23:00-00:00 | B55: 45 | C55: 3 | D55: 27 | E55: 19 | F55: 17 | G55: 7 | H55: 163 | I55: 0 | J55: 21 | K55: 2 | L55: 0 | M55: 0 | N55: 0 | O55: 0 | P55: 0 | Q55: =B55+C55+J55+K55+N55+O55 -> 71 | R55: =D55+E55+F55+G55+H55+I55+L55+M55+P55 -> 233 | S55: =Q55+R55 -> 304 | T55: =N55+O55 -> 0 | U55: =SUM(B55:P55) -> 304 | V55: =SUMPRODUCT(B55:P55,$B$7:$P$7) -> 927.5
... A67: =A33 -> 11:00-12:00 | B67: 401 | C67: 21 | D67: 48 | E67: 24 | F67: 45 | G67: 42 | H67: 124 | I67: 0 | J67: 246 | K67: 30 | L67: 2 | M67: 4 | N67: 0 | O67: 0 | P67: 0 | Q67: =B67+C67+J67+K67+N67+O67 -> 698 | R67: =D67+E67+F67+G67+H67+I67+L67+M67+P67 -> 289 | S67: =Q67+R67 -> 987 | T67: =N67+O67 -> 0 | U67: =SUM(B67:P67) -> 987 | V67: =SUMPRODUCT(B67:P67,$B$7:$P$7) -> 1541
A68: Total | B68: =SUM(B44:B67) -> 4089 | C68: =SUM(C44:C67) -> 474 | D68: =SUM(D44:D67) -> 404 | E68: =SUM(E44:E67) -> 463 | F68: =SUM(F44:F67) -> 507 | G68: =SUM(G44:G67) -> 503 | H68: =SUM(H44:H67) -> 2346 | I68: =SUM(I44:I67) -> 0 | ... V68: =SUM(V44:V67) -> 23221.5

Sheet ADT
A1: Classified Traffic Volume Count Survey - Average of 7 Days
A2: Location:
A3: Direction : Both Directions
A4: PCU | B4: 1 | C4: 3 | D4: 1 | E4: 1.5 | F4: 3 | G4: 3 | H4: 4.5 | I4: 4.5 | J4: 0.5 | K4: 1 | L4: 1.5 | M4: 4.5 | N4: 0.5 | O4: 2 | P4: 4.5
A5: Time | B5: Motorized Vehicles | N5: Non Motorized
B6: Car, Jeep, Van& Taxi | C6: Bus | D6: LMV | E6: LCV | F6: 2Axle | G6: 3Axle | H6: 4-6Axle | I6: 7+ - Axle | J6: 2-Wheeler | K6: 3-Wheeler | L6: Tractor | M6: Tractor with trailor | N6: Cycle | O6: Rickshaw | P6: EME & HCM | Q6: Passenger Vehicles | R6: Freight Vehicles | S6: Total Fast Moving Vehicles | T6: Total Slow Moving Vehicles | U6: Total Vehicles | V6: Total PCU
A7: ='Day-7'!A10 -> 12:00-13:00 | B7: =AVERAGE('Day-1'!X10,'Day-2'!X10,'Day-3'!X10,'Day-4'!X10,'Day-5'!X10,'Day-6'!X10,'Day-7'!X10) -> 311.14286 | C7: =AVERAGE('Day-1'!Y10,'Day-2'!Y10,'Day-3'!Y10,'Day-4'!Y10,'Day-5'!Y10,'Day-6'!Y10,'Day-7'!Y10) -> 47.571429 | D7: =AVERAGE('Day-1'!Z10,'Day-2'!Z10,'Day-3'!Z10,'Day-4'!Z10,'Day-5'!Z10,'Day-6'!Z10,'Day-7'!Z10) -> 42 | E7: =AVERAGE('Day-1'!AA10,'Day-2'!AA10,'Day-3'!AA10,'Day-4'!AA10,'Day-5'!AA10,'Day-6'!AA10,'Day-7'!AA10) -> 46.714286 | F7: =AVERAGE('Day-1'!AB10,'Day-2'!AB10,'Day-3'!AB10,'Day-4'!AB10,'Day-5'!AB10,'Day-6'!AB10,'Day-7'!AB10) -> 33.857143 | G7: =AVERAGE('Day-1'!AC10,'Day-2'!AC10,'Day-3'!AC10,'Day-4'!AC10,'Day-5'!AC10,'Day-6'!AC10,'Day-7'!AC10) -> 40.285714 | H7: =AVERAGE('Day-1'!AD10,'Day-2'!AD10,'Day-3'!AD10,'Day-4'!AD10,'Day-5'!AD10,'Day-6'!AD10,'Day-7'!AD10) -> 121.57143 | I7: =AVERAGE('Day-1'!AE10,'Day-2'!AE10,'Day-3'!AE10,'Day-4'!AE10,'Day-5'!AE10,'Day-6'!AE10,'Day-7'!AE10) -> 0 | ... P7: =AVERAGE('Day-1'!AL10,'Day-2'!AL10,'Day-3'!AL10,'Day-4'!AL10,'Day-5'!AL10,'Day-6'!AL10,'Day-7'!AL10) -> 0.57142857 | Q7: =B7+C7+J7+K7+N7+O7 -> 782.42857 | R7: =D7+E7+F7+G7+H7+I7+L7+M7+P7 -> 292.71429 | S7: =Q7+R7 -> 1075.1429 | T7: =N7+O7 -> 0.71428571 | U7: =SUM(B7:P7) -> 1075.1429 | V7: =SUMPRODUCT(B7:P7,$B$4:$P$4) -> 1623.7143 | W7: =V7/$V$31 -> 0.043723625
A8: ='Day-7'!A11 -> 13:00-14:00 | B8: =AVERAGE('Day-1'!X11,'Day-2'!X11,'Day-3'!X11,'Day-4'!X11,'Day-5'!X11,'Day-6'!X11,'Day-7'!X11) -> 257.71429 | C8: =AVERAGE('Day-1'!Y11,'Day-2'!Y11,'Day-3'!Y11,'Day-4'!Y11,'Day-5'!Y11,'Day-6'!Y11,'Day-7'!Y11) -> 50.285714 | D8: =AVERAGE('Day-1'!Z11,'Day-2'!Z11,'Day-3'!Z11,'Day-4'!Z11,'Day-5'!Z11,'Day-6'!Z11,'Day-7'!Z11) -> 39.857143 | E8: =AVERAGE('Day-1'!AA11,'Day-2'!AA11,'Day-3'!AA11,'Day-4'!AA11,'Day-5'!AA11,'Day-6'!AA11,'Day-7'!AA11) -> 41.285714 | F8: =AVERAGE('Day-1'!AB11,'Day-2'!AB11,'Day-3'!AB11,'Day-4'!AB11,'Day-5'!AB11,'Day-6'!AB11,'Day-7'!AB11) -> 33.428571 | G8: =AVERAGE('Day-1'!AC11,'Day-2'!AC11,'Day-3'!AC11,'Day-4'!AC11,'Day-5'!AC11,'Day-6'!AC11,'Day-7'!AC11) -> 39.714286 | H8: =AVERAGE('Day-1'!AD11,'Day-2'!AD11,'Day-3'!AD11,'Day-4'!AD11,'Day-5'!AD11,'Day-6'!AD11,'Day-7'!AD11) -> 115.71429 | I8: =AVERAGE('Day-1'!AE11,'Day-2'!AE11,'Day-3'!AE11,'Day-4'!AE11,'Day-5'!AE11,'Day-6'!AE11,'Day-7'!AE11) -> 0 | ... P8: =AVERAGE('Day-1'!AL11,'Day-2'!AL11,'Day-3'!AL11,'Day-4'!AL11,'Day-5'!AL11,'Day-6'!AL11,'Day-7'!AL11) -> 0.57142857 | Q8: =B8+C8+J8+K8+N8+O8 -> 711.28571 | R8: =D8+E8+F8+G8+H8+I8+L8+M8+P8 -> 277 | S8: =Q8+R8 -> 988.28571 | T8: =N8+O8 -> 1.5714286 | U8: =SUM(B8:P8) -> 988.28571 | V8: =SUMPRODUCT(B8:P8,$B$4:$P$4) -> 1517.5 | W8: =V8/$V$31 -> 0.04086347
A9: ='Day-7'!A12 -> 14:00-15:00 | B9: =AVERAGE('Day-1'!X12,'Day-2'!X12,'Day-3'!X12,'Day-4'!X12,'Day-5'!X12,'Day-6'!X12,'Day-7'!X12) -> 293.42857 | C9: =AVERAGE('Day-1'!Y12,'Day-2'!Y12,'Day-3'!Y12,'Day-4'!Y12,'Day-5'!Y12,'Day-6'!Y12,'Day-7'!Y12) -> 46.285714 | D9: =AVERAGE('Day-1'!Z12,'Day-2'!Z12,'Day-3'!Z12,'Day-4'!Z12,'Day-5'!Z12,'Day-6'!Z12,'Day-7'!Z12) -> 41.285714 | E9: =AVERAGE('Day-1'!AA12,'Day-2'!AA12,'Day-3'!AA12,'Day-4'!AA12,'Day-5'!AA12,'Day-6'!AA12,'Day-7'!AA12) -> 40.714286 | F9: =AVERAGE('Day-1'!AB12,'Day-2'!AB12,'Day-3'!AB12,'Day-4'!AB12,'Day-5'!AB12,'Day-6'!AB12,'Day-7'!AB12) -> 33 | G9: =AVERAGE('Day-1'!AC12,'Day-2'!AC12,'Day-3'!AC12,'Day-4'!AC12,'Day-5'!AC12,'Day-6'!AC12,'Day-7'!AC12) -> 46.571429 | H9: =AVERAGE('Day-1'!AD12,'Day-2'!AD12,'Day-3'!AD12,'Day-4'!AD12,'Day-5'!AD12,'Day-6'!AD12,'Day-7'!AD12) -> 114.71429 | I9: =AVERAGE('Day-1'!AE12,'Day-2'!AE12,'Day-3'!AE12,'Day-4'!AE12,'Day-5'!AE12,'Day-6'!AE12,'Day-7'!AE12) -> 0 | ... P9: =AVERAGE('Day-1'!AL12,'Day-2'!AL12,'Day-3'!AL12,'Day-4'!AL12,'Day-5'!AL12,'Day-6'!AL12,'Day-7'!AL12) -> 0.28571429 | Q9: =B9+C9+J9+K9+N9+O9 -> 754.57143 | R9: =D9+E9+F9+G9+H9+I9+L9+M9+P9 -> 284 | S9: =Q9+R9 -> 1038.5714 | T9: =N9+O9 -> 1.2857143 | U9: =SUM(B9:P9) -> 1038.5714 | V9: =SUMPRODUCT(B9:P9,$B$4:$P$4) -> 1563.3571 | W9: =V9/$V$31 -> 0.042098319
A10: ='Day-7'!A13 -> 15:00-16:00 | B10: =AVERAGE('Day-1'!X13,'Day-2'!X13,'Day-3'!X13,'Day-4'!X13,'Day-5'!X13,'Day-6'!X13,'Day-7'!X13) -> 388 | C10: =AVERAGE('Day-1'!Y13,'Day-2'!Y13,'Day-3'!Y13,'Day-4'!Y13,'Day-5'!Y13,'Day-6'!Y13,'Day-7'!Y13) -> 53 | D10: =AVERAGE('Day-1'!Z13,'Day-2'!Z13,'Day-3'!Z13,'Day-4'!Z13,'Day-5'!Z13,'Day-6'!Z13,'Day-7'!Z13) -> 43.714286 | E10: =AVERAGE('Day-1'!AA13,'Day-2'!AA13,'Day-3'!AA13,'Day-4'!AA13,'Day-5'!AA13,'Day-6'!AA13,'Day-7'!AA13) -> 40.857143 | F10: =AVERAGE('Day-1'!AB13,'Day-2'!AB13,'Day-3'!AB13,'Day-4'!AB13,'Day-5'!AB13,'Day-6'!AB13,'Day-7'!AB13) -> 39.285714 | G10: =AVERAGE('Day-1'!AC13,'Day-2'!AC13,'Day-3'!AC13,'Day-4'!AC13,'Day-5'!AC13,'Day-6'!AC13,'Day-7'!AC13) -> 49.714286 | H10: =AVERAGE('Day-1'!AD13,'Day-2'!AD13,'Day-3'!AD13,'Day-4'!AD13,'Day-5'!AD13,'Day-6'!AD13,'Day-7'!AD13) -> 136.42857 | I10: =AVERAGE('Day-1'!AE13,'Day-2'!AE13,'Day-3'!AE13,'Day-4'!AE13,'Day-5'!AE13,'Day-6'!AE13,'Day-7'!AE13) -> 0 | ... P10: =AVERAGE('Day-1'!AL13,'Day-2'!AL13,'Day-3'!AL13,'Day-4'!AL13,'Day-5'!AL13,'Day-6'!AL13,'Day-7'!AL13) -> 0.28571429 | Q10: =B10+C10+J10+K10+N10+O10 -> 904.57143 | R10: =D10+E10+F10+G10+H10+I10+L10+M10+P10 -> 319.42857 | S10: =Q10+R10 -> 1224 | T10: =N10+O10 -> 0.71428571 | U10: =SUM(B10:P10) -> 1224 | V10: =SUMPRODUCT(B10:P10,$B$4:$P$4) -> 1843.1429 | W10: =V10/$V$31 -> 0.049632431 | Y10: Max | Z10: Peak hour | AA10: PHP
A11: ='Day-7'!A14 -> 16:00-17:00 | B11: =AVERAGE('Day-1'!X14,'Day-2'!X14,'Day-3'!X14,'Day-4'!X14,'Day-5'!X14,'Day-6'!X14,'Day-7'!X14) -> 390.85714 | C11: =AVERAGE('Day-1'!Y14,'Day-2'!Y14,'Day-3'!Y14,'Day-4'!Y14,'Day-5'!Y14,'Day-6'!Y14,'Day-7'!Y14) -> 56.142857 | D11: =AVERAGE('Day-1'!Z14,'Day-2'!Z14,'Day-3'!Z14,'Day-4'!Z14,'Day-5'!Z14,'Day-6'!Z14,'Day-7'!Z14) -> 43.428571 | E11: =AVERAGE('Day-1'!AA14,'Day-2'!AA14,'Day-3'!AA14,'Day-4'!AA14,'Day-5'!AA14,'Day-6'!AA14,'Day-7'!AA14) -> 42 | F11: =AVERAGE('Day-1'!AB14,'Day-2'!AB14,'Day-3'!AB14,'Day-4'!AB14,'Day-5'!AB14,'Day-6'!AB14,'Day-7'!AB14) -> 35.571429 | G11: =AVERAGE('Day-1'!AC14,'Day-2'!AC14,'Day-3'!AC14,'Day-4'!AC14,'Day-5'!AC14,'Day-6'!AC14,'Day-7'!AC14) -> 49.142857 | H11: =AVERAGE('Day-1'!AD14,'Day-2'!AD14,'Day-3'!AD14,'Day-4'!AD14,'Day-5'!AD14,'Day-6'!AD14,'Day-7'!AD14) -> 130.14286 | I11: =AVERAGE('Day-1'!AE14,'Day-2'!AE14,'Day-3'!AE14,'Day-4'!AE14,'Day-5'!AE14,'Day-6'!AE14,'Day-7'!AE14) -> 0 | ... P11: =AVERAGE('Day-1'!AL14,'Day-2'!AL14,'Day-3'!AL14,'Day-4'!AL14,'Day-5'!AL14,'Day-6'!AL14,'Day-7'!AL14) -> 0 | Q11: =B11+C11+J11+K11+N11+O11 -> 1003.4286 | R11: =D11+E11+F11+G11+H11+I11+L11+M11+P11 -> 308.71429 | S11: =Q11+R11 -> 1312.1429 | T11: =N11+O11 -> 0.57142857 | U11: =SUM(B11:P11) -> 1312.1429 | V11: =SUMPRODUCT(B11:P11,$B$4:$P$4) -> 1866.4286 | W11: =V11/$V$31 -> 0.050259472 | Y11: =MAX(V7:V30) -> 2057.7143 | Z11: 10:00-11:00 | AA11: =Y11/V31 -> 0.055410443
A12: ='Day-7'!A15 -> 17:00-18:00 | B12: =AVERAGE('Day-1'!X15,'Day-2'!X15,'Day-3'!X15,'Day-4'!X15,'Day-5'!X15,'Day-6'!X15,'Day-7'!X15) -> 403.85714 | C12: =AVERAGE('Day-1'!Y15,'Day-2'!Y15,'Day-3'!Y15,'Day-4'!Y15,'Day-5'!Y15,'Day-6'!Y15,'Day-7'!Y15) -> 56.285714 | D12: =AVERAGE('Day-1'!Z15,'Day-2'!Z15,'Day-3'!Z15,'Day-4'!Z15,'Day-5'!Z15,'Day-6'!Z15,'Day-7'!Z15) -> 42.857143 | E12: =AVERAGE('Day-1'!AA15,'Day-2'!AA15,'Day-3'!AA15,'Day-4'!AA15,'Day-5'!AA15,'Day-6'!AA15,'Day-7'!AA15) -> 46.571429 | F12: =AVERAGE('Day-1'!AB15,'Day-2'!AB15,'Day-3'!AB15,'Day-4'!AB15,'Day-5'!AB15,'Day-6'!AB15,'Day-7'!AB15) -> 34.428571 | G12: =AVERAGE('Day-1'!AC15,'Day-2'!AC15,'Day-3'!AC15,'Day-4'!AC15,'Day-5'!AC15,'Day-6'!AC15,'Day-7'!AC15) -> 45.142857 | H12: =AVERAGE('Day-1'!AD15,'Day-2'!AD15,'Day-3'!AD15,'Day-4'!AD15,'Day-5'!AD15,'Day-6'!AD15,'Day-7'!AD15) -> 150.71429 | I12: =AVERAGE('Day-1'!AE15,'Day-2'!AE15,'Day-3'!AE15,'Day-4'!AE15,'Day-5'!AE15,'Day-6'!AE15,'Day-7'!AE15) -> 0 | ... P12: =AVERAGE('Day-1'!AL15,'Day-2'!AL15,'Day-3'!AL15,'Day-4'!AL15,'Day-5'!AL15,'Day-6'!AL15,'Day-7'!AL15) -> 0.57142857 | Q12: =B12+C12+J12+K12+N12+O12 -> 1029.8571 | R12: =D12+E12+F12+G12+H12+I12+L12+M12+P12 -> 329.71429 | S12: =Q12+R12 -> 1359.5714 | T12: =N12+O12 -> 0.28571429 | U12: =SUM(B12:P12) -> 1359.5714 | V12: =SUMPRODUCT(B12:P12,$B$4:$P$4) -> 1972.8571 | W12: =V12/$V$31 -> 0.053125397
A13: ='Day-7'!A16 -> 18:00-19:00 | B13: =AVERAGE('Day-1'!X16,'Day-2'!X16,'Day-3'!X16,'Day-4'!X16,'Day-5'!X16,'Day-6'!X16,'Day-7'!X16) -> 373.42857 | C13: =AVERAGE('Day-1'!Y16,'Day-2'!Y16,'Day-3'!Y16,'Day-4'!Y16,'Day-5'!Y16,'Day-6'!Y16,'Day-7'!Y16) -> 50.857143 | D13: =AVERAGE('Day-1'!Z16,'Day-2'!Z16,'Day-3'!Z16,'Day-4'!Z16,'Day-5'!Z16,'Day-6'!Z16,'Day-7'!Z16) -> 39.714286 | E13: =AVERAGE('Day-1'!AA16,'Day-2'!AA16,'Day-3'!AA16,'Day-4'!AA16,'Day-5'!AA16,'Day-6'!AA16,'Day-7'!AA16) -> 50.142857 | F13: =AVERAGE('Day-1'!AB16,'Day-2'!AB16,'Day-3'!AB16,'Day-4'!AB16,'Day-5'!AB16,'Day-6'!AB16,'Day-7'!AB16) -> 39.714286 | G13: =AVERAGE('Day-1'!AC16,'Day-2'!AC16,'Day-3'!AC16,'Day-4'!AC16,'Day-5'!AC16,'Day-6'!AC16,'Day-7'!AC16) -> 45.857143 | H13: =AVERAGE('Day-1'!AD16,'Day-2'!AD16,'Day-3'!AD16,'Day-4'!AD16,'Day-5'!AD16,'Day-6'!AD16,'Day-7'!AD16) -> 153.71429 | I13: =AVERAGE('Day-1'!AE16,'Day-2'!AE16,'Day-3'!AE16,'Day-4'!AE16,'Day-5'!AE16,'Day-6'!AE16,'Day-7'!AE16) -> 0 | ... P13: =AVERAGE('Day-1'!AL16,'Day-2'!AL16,'Day-3'!AL16,'Day-4'!AL16,'Day-5'!AL16,'Day-6'!AL16,'Day-7'!AL16) -> 0.14285714 | Q13: =B13+C13+J13+K13+N13+O13 -> 967.57143 | R13: =D13+E13+F13+G13+H13+I13+L13+M13+P13 -> 335.57143 | S13: =Q13+R13 -> 1303.1429 | T13: =N13+O13 -> 0.57142857 | U13: =SUM(B13:P13) -> 1303.1429 | V13: =SUMPRODUCT(B13:P13,$B$4:$P$4) -> 1922.9286 | W13: =V13/$V$31 -> 0.051780913
A14: ='Day-7'!A17 -> 19:00-20:00 | B14: =AVERAGE('Day-1'!X17,'Day-2'!X17,'Day-3'!X17,'Day-4'!X17,'Day-5'!X17,'Day-6'!X17,'Day-7'!X17) -> 311.14286 | C14: =AVERAGE('Day-1'!Y17,'Day-2'!Y17,'Day-3'!Y17,'Day-4'!Y17,'Day-5'!Y17,'Day-6'!Y17,'Day-7'!Y17) -> 46.714286 | D14: =AVERAGE('Day-1'!Z17,'Day-2'!Z17,'Day-3'!Z17,'Day-4'!Z17,'Day-5'!Z17,'Day-6'!Z17,'Day-7'!Z17) -> 33.857143 | E14: =AVERAGE('Day-1'!AA17,'Day-2'!AA17,'Day-3'!AA17,'Day-4'!AA17,'Day-5'!AA17,'Day-6'!AA17,'Day-7'!AA17) -> 58.142857 | F14: =AVERAGE('Day-1'!AB17,'Day-2'!AB17,'Day-3'!AB17,'Day-4'!AB17,'Day-5'!AB17,'Day-6'!AB17,'Day-7'!AB17) -> 37.571429 | G14: =AVERAGE('Day-1'!AC17,'Day-2'!AC17,'Day-3'!AC17,'Day-4'!AC17,'Day-5'!AC17,'Day-6'!AC17,'Day-7'!AC17) -> 43.571429 | H14: =AVERAGE('Day-1'!AD17,'Day-2'!AD17,'Day-3'!AD17,'Day-4'!AD17,'Day-5'!AD17,'Day-6'!AD17,'Day-7'!AD17) -> 144.14286 | I14: =AVERAGE('Day-1'!AE17,'Day-2'!AE17,'Day-3'!AE17,'Day-4'!AE17,'Day-5'!AE17,'Day-6'!AE17,'Day-7'!AE17) -> 0 | ... P14: =AVERAGE('Day-1'!AL17,'Day-2'!AL17,'Day-3'!AL17,'Day-4'!AL17,'Day-5'!AL17,'Day-6'!AL17,'Day-7'!AL17) -> 0 | Q14: =B14+C14+J14+K14+N14+O14 -> 791.14286 | R14: =D14+E14+F14+G14+H14+I14+L14+M14+P14 -> 321.57143 | S14: =Q14+R14 -> 1112.7143 | T14: =N14+O14 -> 0 | U14: =SUM(B14:P14) -> 1112.7143 | V14: =SUMPRODUCT(B14:P14,$B$4:$P$4) -> 1717.0714 | W14: =V14/$V$31 -> 0.04623756
A15: ='Day-7'!A18 -> 20:00-21:00 | B15: =AVERAGE('Day-1'!X18,'Day-2'!X18,'Day-3'!X18,'Day-4'!X18,'Day-5'!X18,'Day-6'!X18,'Day-7'!X18) -> 258.42857 | C15: =AVERAGE('Day-1'!Y18,'Day-2'!Y18,'Day-3'!Y18,'Day-4'!Y18,'Day-5'!Y18,'Day-6'!Y18,'Day-7'!Y18) -> 42.571429 | D15: =AVERAGE('Day-1'!Z18,'Day-2'!Z18,'Day-3'!Z18,'Day-4'!Z18,'Day-5'!Z18,'Day-6'!Z18,'Day-7'!Z18) -> 34.571429 | E15: =AVERAGE('Day-1'!AA18,'Day-2'!AA18,'Day-3'!AA18,'Day-4'!AA18,'Day-5'!AA18,'Day-6'!AA18,'Day-7'!AA18) -> 55.428571 | F15: =AVERAGE('Day-1'!AB18,'Day-2'!AB18,'Day-3'!AB18,'Day-4'!AB18,'Day-5'!AB18,'Day-6'!AB18,'Day-7'!AB18) -> 46.714286 | G15: =AVERAGE('Day-1'!AC18,'Day-2'!AC18,'Day-3'!AC18,'Day-4'!AC18,'Day-5'!AC18,'Day-6'!AC18,'Day-7'!AC18) -> 40.571429 | H15: =AVERAGE('Day-1'!AD18,'Day-2'!AD18,'Day-3'!AD18,'Day-4'!AD18,'Day-5'!AD18,'Day-6'!AD18,'Day-7'!AD18) -> 141.42857 | I15: =AVERAGE('Day-1'!AE18,'Day-2'!AE18,'Day-3'!AE18,'Day-4'!AE18,'Day-5'!AE18,'Day-6'!AE18,'Day-7'!AE18) -> 0 | ... P15: =AVERAGE('Day-1'!AL18,'Day-2'!AL18,'Day-3'!AL18,'Day-4'!AL18,'Day-5'!AL18,'Day-6'!AL18,'Day-7'!AL18) -> 0.28571429 | Q15: =B15+C15+J15+K15+N15+O15 -> 609.42857 | R15: =D15+E15+F15+G15+H15+I15+L15+M15+P15 -> 321.42857 | S15: =Q15+R15 -> 930.85714 | T15: =N15+O15 -> 0 | U15: =SUM(B15:P15) -> 930.85714 | V15: =SUMPRODUCT(B15:P15,$B$4:$P$4) -> 1578.8571 | W15: =V15/$V$31 -> 0.042515705
A16: ='Day-7'!A19 -> 21:00-22:00 | B16: =AVERAGE('Day-1'!X19,'Day-2'!X19,'Day-3'!X19,'Day-4'!X19,'Day-5'!X19,'Day-6'!X19,'Day-7'!X19) -> 188.85714 | C16: =AVERAGE('Day-1'!Y19,'Day-2'!Y19,'Day-3'!Y19,'Day-4'!Y19,'Day-5'!Y19,'Day-6'!Y19,'Day-7'!Y19) -> 43.714286 | D16: =AVERAGE('Day-1'!Z19,'Day-2'!Z19,'Day-3'!Z19,'Day-4'!Z19,'Day-5'!Z19,'Day-6'!Z19,'Day-7'!Z19) -> 36.285714 | E16: =AVERAGE('Day-1'!AA19,'Day-2'!AA19,'Day-3'!AA19,'Day-4'!AA19,'Day-5'!AA19,'Day-6'!AA19,'Day-7'!AA19) -> 45.571429 | F16: =AVERAGE('Day-1'!AB19,'Day-2'!AB19,'Day-3'!AB19,'Day-4'!AB19,'Day-5'!AB19,'Day-6'!AB19,'Day-7'!AB19) -> 40.714286 | G16: =AVERAGE('Day-1'!AC19,'Day-2'!AC19,'Day-3'!AC19,'Day-4'!AC19,'Day-5'!AC19,'Day-6'!AC19,'Day-7'!AC19) -> 37 | H16: =AVERAGE('Day-1'!AD19,'Day-2'!AD19,'Day-3'!AD19,'Day-4'!AD19,'Day-5'!AD19,'Day-6'!AD19,'Day-7'!AD19) -> 159.71429 | I16: =AVERAGE('Day-1'!AE19,'Day-2'!AE19,'Day-3'!AE19,'Day-4'!AE19,'Day-5'!AE19,'Day-6'!AE19,'Day-7'!AE19) -> 0 | ... P16: =AVERAGE('Day-1'!AL19,'Day-2'!AL19,'Day-3'!AL19,'Day-4'!AL19,'Day-5'!AL19,'Day-6'!AL19,'Day-7'!AL19) -> 0 | Q16: =B16+C16+J16+K16+N16+O16 -> 435.42857 | R16: =D16+E16+F16+G16+H16+I16+L16+M16+P16 -> 321.57143 | S16: =Q16+R16 -> 757 | T16: =N16+O16 -> 0.28571429 | U16: =SUM(B16:P16) -> 757 | V16: =SUMPRODUCT(B16:P16,$B$4:$P$4) -> 1495.9286 | W16: =V16/$V$31 -> 0.040282592
A17: ='Day-7'!A20 -> 22:00-23:00 | B17: =AVERAGE('Day-1'!X20,'Day-2'!X20,'Day-3'!X20,'Day-4'!X20,'Day-5'!X20,'Day-6'!X20,'Day-7'!X20) -> 123.14286 | C17: =AVERAGE('Day-1'!Y20,'Day-2'!Y20,'Day-3'!Y20,'Day-4'!Y20,'Day-5'!Y20,'Day-6'!Y20,'Day-7'!Y20) -> 25.285714 | D17: =AVERAGE('Day-1'!Z20,'Day-2'!Z20,'Day-3'!Z20,'Day-4'!Z20,'Day-5'!Z20,'Day-6'!Z20,'Day-7'!Z20) -> 31 | E17: =AVERAGE('Day-1'!AA20,'Day-2'!AA20,'Day-3'!AA20,'Day-4'!AA20,'Day-5'!AA20,'Day-6'!AA20,'Day-7'!AA20) -> 47.571429 | F17: =AVERAGE('Day-1'!AB20,'Day-2'!AB20,'Day-3'!AB20,'Day-4'!AB20,'Day-5'!AB20,'Day-6'!AB20,'Day-7'!AB20) -> 40 | G17: =AVERAGE('Day-1'!AC20,'Day-2'!AC20,'Day-3'!AC20,'Day-4'!AC20,'Day-5'!AC20,'Day-6'!AC20,'Day-7'!AC20) -> 40.142857 | H17: =AVERAGE('Day-1'!AD20,'Day-2'!AD20,'Day-3'!AD20,'Day-4'!AD20,'Day-5'!AD20,'Day-6'!AD20,'Day-7'!AD20) -> 157.28571 | I17: =AVERAGE('Day-1'!AE20,'Day-2'!AE20,'Day-3'!AE20,'Day-4'!AE20,'Day-5'!AE20,'Day-6'!AE20,'Day-7'!AE20) -> 0 | ... P17: =AVERAGE('Day-1'!AL20,'Day-2'!AL20,'Day-3'!AL20,'Day-4'!AL20,'Day-5'!AL20,'Day-6'!AL20,'Day-7'!AL20) -> 0 | Q17: =B17+C17+J17+K17+N17+O17 -> 270.28571 | R17: =D17+E17+F17+G17+H17+I17+L17+M17+P17 -> 318 | S17: =Q17+R17 -> 588.28571 | T17: =N17+O17 -> 0 | U17: =SUM(B17:P17) -> 588.28571 | V17: =SUMPRODUCT(B17:P17,$B$4:$P$4) -> 1323.8571 | W17: =V17/$V$31 -> 0.035649026
A18: ='Day-7'!A21 -> 23:00-00:00 | B18: =AVERAGE('Day-1'!X21,'Day-2'!X21,'Day-3'!X21,'Day-4'!X21,'Day-5'!X21,'Day-6'!X21,'Day-7'!X21) -> 88.285714 | C18: =AVERAGE('Day-1'!Y21,'Day-2'!Y21,'Day-3'!Y21,'Day-4'!Y21,'Day-5'!Y21,'Day-6'!Y21,'Day-7'!Y21) -> 14 | D18: =AVERAGE('Day-1'!Z21,'Day-2'!Z21,'Day-3'!Z21,'Day-4'!Z21,'Day-5'!Z21,'Day-6'!Z21,'Day-7'!Z21) -> 25 | E18: =AVERAGE('Day-1'!AA21,'Day-2'!AA21,'Day-3'!AA21,'Day-4'!AA21,'Day-5'!AA21,'Day-6'!AA21,'Day-7'!AA21) -> 35 | F18: =AVERAGE('Day-1'!AB21,'Day-2'!AB21,'Day-3'!AB21,'Day-4'!AB21,'Day-5'!AB21,'Day-6'!AB21,'Day-7'!AB21) -> 32 | G18: =AVERAGE('Day-1'!AC21,'Day-2'!AC21,'Day-3'!AC21,'Day-4'!AC21,'Day-5'!AC21,'Day-6'!AC21,'Day-7'!AC21) -> 32.714286 | H18: =AVERAGE('Day-1'!AD21,'Day-2'!AD21,'Day-3'!AD21,'Day-4'!AD21,'Day-5'!AD21,'Day-6'!AD21,'Day-7'!AD21) -> 166.71429 | I18: =AVERAGE('Day-1'!AE21,'Day-2'!AE21,'Day-3'!AE21,'Day-4'!AE21,'Day-5'!AE21,'Day-6'!AE21,'Day-7'!AE21) -> 0 | ... P18: =AVERAGE('Day-1'!AL21,'Day-2'!AL21,'Day-3'!AL21,'Day-4'!AL21,'Day-5'!AL21,'Day-6'!AL21,'Day-7'!AL21) -> 0 | Q18: =B18+C18+J18+K18+N18+O18 -> 164.14286 | R18: =D18+E18+F18+G18+H18+I18+L18+M18+P18 -> 292.57143 | S18: =Q18+R18 -> 456.71429 | T18: =N18+O18 -> 0.28571429 | U18: =SUM(B18:P18) -> 456.71429 | V18: =SUMPRODUCT(B18:P18,$B$4:$P$4) -> 1189.9286 | W18: =V18/$V$31 -> 0.032042577
A19: ='Day-7'!A22 -> 00:00-01:00 | B19: =AVERAGE('Day-1'!X22,'Day-2'!X22,'Day-3'!X22,'Day-4'!X22,'Day-5'!X22,'Day-6'!X22,'Day-7'!X22) -> 46.857143 | C19: =AVERAGE('Day-1'!Y22,'Day-2'!Y22,'Day-3'!Y22,'Day-4'!Y22,'Day-5'!Y22,'Day-6'!Y22,'Day-7'!Y22) -> 9.2857143 | D19: =AVERAGE('Day-1'!Z22,'Day-2'!Z22,'Day-3'!Z22,'Day-4'!Z22,'Day-5'!Z22,'Day-6'!Z22,'Day-7'!Z22) -> 23.571429 | E19: =AVERAGE('Day-1'!AA22,'Day-2'!AA22,'Day-3'!AA22,'Day-4'!AA22,'Day-5'!AA22,'Day-6'!AA22,'Day-7'!AA22) -> 32.285714 | F19: =AVERAGE('Day-1'!AB22,'Day-2'!AB22,'Day-3'!AB22,'Day-4'!AB22,'Day-5'!AB22,'Day-6'!AB22,'Day-7'!AB22) -> 28.285714 | G19: =AVERAGE('Day-1'!AC22,'Day-2'!AC22,'Day-3'!AC22,'Day-4'!AC22,'Day-5'!AC22,'Day-6'!AC22,'Day-7'!AC22) -> 37 | H19: =AVERAGE('Day-1'!AD22,'Day-2'!AD22,'Day-3'!AD22,'Day-4'!AD22,'Day-5'!AD22,'Day-6'!AD22,'Day-7'!AD22) -> 163.57143 | I19: =AVERAGE('Day-1'!AE22,'Day-2'!AE22,'Day-3'!AE22,'Day-4'!AE22,'Day-5'!AE22,'Day-6'!AE22,'Day-7'!AE22) -> 0 | ... P19: =AVERAGE('Day-1'!AL22,'Day-2'!AL22,'Day-3'!AL22,'Day-4'!AL22,'Day-5'!AL22,'Day-6'!AL22,'Day-7'!AL22) -> 0.28571429 | Q19: =B19+C19+J19+K19+N19+O19 -> 92 | R19: =D19+E19+F19+G19+H19+I19+L19+M19+P19 -> 285.57143 | S19: =Q19+R19 -> 377.57143 | T19: =N19+O19 -> 0.28571429 | U19: =SUM(B19:P19) -> 377.57143 | V19: =SUMPRODUCT(B19:P19,$B$4:$P$4) -> 1102.3571 | W19: =V19/$V$31 -> 0.029684441
A20: ='Day-7'!A23 -> 01:00-02:00 | B20: =AVERAGE('Day-1'!X23,'Day-2'!X23,'Day-3'!X23,'Day-4'!X23,'Day-5'!X23,'Day-6'!X23,'Day-7'!X23) -> 36.285714 | C20: =AVERAGE('Day-1'!Y23,'Day-2'!Y23,'Day-3'!Y23,'Day-4'!Y23,'Day-5'!Y23,'Day-6'!Y23,'Day-7'!Y23) -> 7.4285714 | D20: =AVERAGE('Day-1'!Z23,'Day-2'!Z23,'Day-3'!Z23,'Day-4'!Z23,'Day-5'!Z23,'Day-6'!Z23,'Day-7'!Z23) -> 20 | E20: =AVERAGE('Day-1'!AA23,'Day-2'!AA23,'Day-3'!AA23,'Day-4'!AA23,'Day-5'!AA23,'Day-6'!AA23,'Day-7'!AA23) -> 27.142857 | F20: =AVERAGE('Day-1'!AB23,'Day-2'!AB23,'Day-3'!AB23,'Day-4'!AB23,'Day-5'!AB23,'Day-6'!AB23,'Day-7'!AB23) -> 30.142857 | G20: =AVERAGE('Day-1'!AC23,'Day-2'!AC23,'Day-3'!AC23,'Day-4'!AC23,'Day-5'!AC23,'Day-6'!AC23,'Day-7'!AC23) -> 36.428571 | H20: =AVERAGE('Day-1'!AD23,'Day-2'!AD23,'Day-3'!AD23,'Day-4'!AD23,'Day-5'!AD23,'Day-6'!AD23,'Day-7'!AD23) -> 143.85714 | I20: =AVERAGE('Day-1'!AE23,'Day-2'!AE23,'Day-3'!AE23,'Day-4'!AE23,'Day-5'!AE23,'Day-6'!AE23,'Day-7'!AE23) -> 0 | ... P20: =AVERAGE('Day-1'!AL23,'Day-2'!AL23,'Day-3'!AL23,'Day-4'!AL23,'Day-5'!AL23,'Day-6'!AL23,'Day-7'!AL23) -> 0 | Q20: =B20+C20+J20+K20+N20+O20 -> 66.142857 | R20: =D20+E20+F20+G20+H20+I20+L20+M20+P20 -> 258.57143 | S20: =Q20+R20 -> 324.71429 | T20: =N20+O20 -> 0 | U20: =SUM(B20:P20) -> 324.71429 | V20: =SUMPRODUCT(B20:P20,$B$4:$P$4) -> 984.64286 | W20: =V20/$V$31 -> 0.026514612
A21: ='Day-7'!A24 -> 02:00-03:00 | B21: =AVERAGE('Day-1'!X24,'Day-2'!X24,'Day-3'!X24,'Day-4'!X24,'Day-5'!X24,'Day-6'!X24,'Day-7'!X24) -> 29 | C21: =AVERAGE('Day-1'!Y24,'Day-2'!Y24,'Day-3'!Y24,'Day-4'!Y24,'Day-5'!Y24,'Day-6'!Y24,'Day-7'!Y24) -> 8.4285714 | D21: =AVERAGE('Day-1'!Z24,'Day-2'!Z24,'Day-3'!Z24,'Day-4'!Z24,'Day-5'!Z24,'Day-6'!Z24,'Day-7'!Z24) -> 16.428571 | E21: =AVERAGE('Day-1'!AA24,'Day-2'!AA24,'Day-3'!AA24,'Day-4'!AA24,'Day-5'!AA24,'Day-6'!AA24,'Day-7'!AA24) -> 32.142857 | F21: =AVERAGE('Day-1'!AB24,'Day-2'!AB24,'Day-3'!AB24,'Day-4'!AB24,'Day-5'!AB24,'Day-6'!AB24,'Day-7'!AB24) -> 26.142857 | G21: =AVERAGE('Day-1'!AC24,'Day-2'!AC24,'Day-3'!AC24,'Day-4'!AC24,'Day-5'!AC24,'Day-6'!AC24,'Day-7'!AC24) -> 37 | H21: =AVERAGE('Day-1'!AD24,'Day-2'!AD24,'Day-3'!AD24,'Day-4'!AD24,'Day-5'!AD24,'Day-6'!AD24,'Day-7'!AD24) -> 127.71429 | I21: =AVERAGE('Day-1'!AE24,'Day-2'!AE24,'Day-3'!AE24,'Day-4'!AE24,'Day-5'!AE24,'Day-6'!AE24,'Day-7'!AE24) -> 0 | ... P21: =AVERAGE('Day-1'!AL24,'Day-2'!AL24,'Day-3'!AL24,'Day-4'!AL24,'Day-5'!AL24,'Day-6'!AL24,'Day-7'!AL24) -> 0.57142857 | Q21: =B21+C21+J21+K21+N21+O21 -> 59 | R21: =D21+E21+F21+G21+H21+I21+L21+M21+P21 -> 240.85714 | S21: =Q21+R21 -> 299.85714 | T21: =N21+O21 -> 0 | U21: =SUM(B21:P21) -> 299.85714 | V21: =SUMPRODUCT(B21:P21,$B$4:$P$4) -> 902.21429 | W21: =V21/$V$31 -> 0.024294963
A22: ='Day-7'!A25 -> 03:00-04:00 | B22: =AVERAGE('Day-1'!X25,'Day-2'!X25,'Day-3'!X25,'Day-4'!X25,'Day-5'!X25,'Day-6'!X25,'Day-7'!X25) -> 35.857143 | C22: =AVERAGE('Day-1'!Y25,'Day-2'!Y25,'Day-3'!Y25,'Day-4'!Y25,'Day-5'!Y25,'Day-6'!Y25,'Day-7'!Y25) -> 10.571429 | D22: =AVERAGE('Day-1'!Z25,'Day-2'!Z25,'Day-3'!Z25,'Day-4'!Z25,'Day-5'!Z25,'Day-6'!Z25,'Day-7'!Z25) -> 19.714286 | E22: =AVERAGE('Day-1'!AA25,'Day-2'!AA25,'Day-3'!AA25,'Day-4'!AA25,'Day-5'!AA25,'Day-6'!AA25,'Day-7'!AA25) -> 29.857143 | F22: =AVERAGE('Day-1'!AB25,'Day-2'!AB25,'Day-3'!AB25,'Day-4'!AB25,'Day-5'!AB25,'Day-6'!AB25,'Day-7'!AB25) -> 26.571429 | G22: =AVERAGE('Day-1'!AC25,'Day-2'!AC25,'Day-3'!AC25,'Day-4'!AC25,'Day-5'!AC25,'Day-6'!AC25,'Day-7'!AC25) -> 34.142857 | H22: =AVERAGE('Day-1'!AD25,'Day-2'!AD25,'Day-3'!AD25,'Day-4'!AD25,'Day-5'!AD25,'Day-6'!AD25,'Day-7'!AD25) -> 126.71429 | I22: =AVERAGE('Day-1'!AE25,'Day-2'!AE25,'Day-3'!AE25,'Day-4'!AE25,'Day-5'!AE25,'Day-6'!AE25,'Day-7'!AE25) -> 0 | ... P22: =AVERAGE('Day-1'!AL25,'Day-2'!AL25,'Day-3'!AL25,'Day-4'!AL25,'Day-5'!AL25,'Day-6'!AL25,'Day-7'!AL25) -> 0 | Q22: =B22+C22+J22+K22+N22+O22 -> 94 | R22: =D22+E22+F22+G22+H22+I22+L22+M22+P22 -> 239.42857 | S22: =Q22+R22 -> 333.42857 | T22: =N22+O22 -> 0 | U22: =SUM(B22:P22) -> 333.42857 | V22: =SUMPRODUCT(B22:P22,$B$4:$P$4) -> 924.35714 | W22: =V22/$V$31 -> 0.02489123
A23: ='Day-7'!A26 -> 04:00-05:00 | B23: =AVERAGE('Day-1'!X26,'Day-2'!X26,'Day-3'!X26,'Day-4'!X26,'Day-5'!X26,'Day-6'!X26,'Day-7'!X26) -> 46 | C23: =AVERAGE('Day-1'!Y26,'Day-2'!Y26,'Day-3'!Y26,'Day-4'!Y26,'Day-5'!Y26,'Day-6'!Y26,'Day-7'!Y26) -> 13.428571 | D23: =AVERAGE('Day-1'!Z26,'Day-2'!Z26,'Day-3'!Z26,'Day-4'!Z26,'Day-5'!Z26,'Day-6'!Z26,'Day-7'!Z26) -> 18.571429 | E23: =AVERAGE('Day-1'!AA26,'Day-2'!AA26,'Day-3'!AA26,'Day-4'!AA26,'Day-5'!AA26,'Day-6'!AA26,'Day-7'!AA26) -> 29.571429 | F23: =AVERAGE('Day-1'!AB26,'Day-2'!AB26,'Day-3'!AB26,'Day-4'!AB26,'Day-5'!AB26,'Day-6'!AB26,'Day-7'!AB26) -> 31.857143 | G23: =AVERAGE('Day-1'!AC26,'Day-2'!AC26,'Day-3'!AC26,'Day-4'!AC26,'Day-5'!AC26,'Day-6'!AC26,'Day-7'!AC26) -> 42 | H23: =AVERAGE('Day-1'!AD26,'Day-2'!AD26,'Day-3'!AD26,'Day-4'!AD26,'Day-5'!AD26,'Day-6'!AD26,'Day-7'!AD26) -> 130.57143 | I23: =AVERAGE('Day-1'!AE26,'Day-2'!AE26,'Day-3'!AE26,'Day-4'!AE26,'Day-5'!AE26,'Day-6'!AE26,'Day-7'!AE26) -> 0 | ... P23: =AVERAGE('Day-1'!AL26,'Day-2'!AL26,'Day-3'!AL26,'Day-4'!AL26,'Day-5'!AL26,'Day-6'!AL26,'Day-7'!AL26) -> 0.28571429 | Q23: =B23+C23+J23+K23+N23+O23 -> 161.85714 | R23: =D23+E23+F23+G23+H23+I23+L23+M23+P23 -> 257.28571 | S23: =Q23+R23 -> 419.14286 | T23: =N23+O23 -> 0.42857143 | U23: =SUM(B23:P23) -> 419.14286 | V23: =SUMPRODUCT(B23:P23,$B$4:$P$4) -> 1040.5714 | W23: =V23/$V$31 -> 0.028020665
... A30: ='Day-7'!A33 -> 11:00-12:00 | B30: =AVERAGE('Day-1'!X33,'Day-2'!X33,'Day-3'!X33,'Day-4'!X33,'Day-5'!X33,'Day-6'!X33,'Day-7'!X33) -> 394.85714 | C30: =AVERAGE('Day-1'!Y33,'Day-2'!Y33,'Day-3'!Y33,'Day-4'!Y33,'Day-5'!Y33,'Day-6'!Y33,'Day-7'!Y33) -> 47.428571 | D30: =AVERAGE('Day-1'!Z33,'Day-2'!Z33,'Day-3'!Z33,'Day-4'!Z33,'Day-5'!Z33,'Day-6'!Z33,'Day-7'!Z33) -> 48.857143 | E30: =AVERAGE('Day-1'!AA33,'Day-2'!AA33,'Day-3'!AA33,'Day-4'!AA33,'Day-5'!AA33,'Day-6'!AA33,'Day-7'!AA33) -> 42.714286 | F30: =AVERAGE('Day-1'!AB33,'Day-2'!AB33,'Day-3'!AB33,'Day-4'!AB33,'Day-5'!AB33,'Day-6'!AB33,'Day-7'!AB33) -> 44.571429 | G30: =AVERAGE('Day-1'!AC33,'Day-2'!AC33,'Day-3'!AC33,'Day-4'!AC33,'Day-5'!AC33,'Day-6'!AC33,'Day-7'!AC33) -> 48.571429 | H30: =AVERAGE('Day-1'!AD33,'Day-2'!AD33,'Day-3'!AD33,'Day-4'!AD33,'Day-5'!AD33,'Day-6'!AD33,'Day-7'!AD33) -> 144 | I30: =AVERAGE('Day-1'!AE33,'Day-2'!AE33,'Day-3'!AE33,'Day-4'!AE33,'Day-5'!AE33,'Day-6'!AE33,'Day-7'!AE33) -> 0 | ... P30: =AVERAGE('Day-1'!AL33,'Day-2'!AL33,'Day-3'!AL33,'Day-4'!AL33,'Day-5'!AL33,'Day-6'!AL33,'Day-7'!AL33) -> 0.71428571 | Q30: =B30+C30+J30+K30+N30+O30 -> 962.14286 | R30: =D30+E30+F30+G30+H30+I30+L30+M30+P30 -> 339.85714 | S30: =Q30+R30 -> 1302 | T30: =N30+O30 -> 0.85714286 | U30: =SUM(B30:P30) -> 1302 | V30: =SUMPRODUCT(B30:P30,$B$4:$P$4) -> 1931.5714 | W30: =V30/$V$31 -> 0.052013649
A31: ='Day-7'!A34 -> Total | B31: =AVERAGE('Day-1'!X34,'Day-2'!X34,'Day-3'!X34,'Day-4'!X34,'Day-5'!X34,'Day-6'!X34,'Day-7'!X34) -> 5734.5714 | C31: =SUM(C7:C30) -> 941.28571 | D31: =SUM(D7:D30) -> 802 | E31: =SUM(E7:E30) -> 974.28571 | F31: =SUM(F7:F30) -> 862.85714 | G31: =SUM(G7:G30) -> 1053.8571 | H31: =SUM(H7:H30) -> 3406.4286 | I31: =SUM(I7:I30) -> 0 | J31: =SUM(J7:J30) -> 6775.2857 | ... V31: =SUM(V7:V30) -> 37135.857
A33: AADT SF | B33: PV | D33: CV
A34: 1 | B34: 0.93 | D34: 1.05
A43: Day wise Summary, ADT & AADT
A44: ='Day-7'!B5 -> Nathavalasa Toll Plaza
A45: Direction : Both
A46: Time | B46: Motorized Vehicles | N46: Non Motorized | W46: Day | X46: Vehicles | Y46: PCU's
B47: Car, Jeep, Van& Taxi | C47: Bus | D47: LMV | E47: LCV | F47: 2Axle | G47: 3Axle | H47: 4-6Axle | I47: 7+ - Axle | J47: 2-Wheeler | K47: 3-Wheeler | L47: Tractor | M47: Tractor with trailor | N47: Cycle | O47: Rickshaw | P47: EME & HCM | Q47: Passenger Vehicles | R47: Freight Vehicles | S47: Total Fast Moving Vehicles | T47: Total Slow Moving Vehicles | U47: Total Vehicles | V47: Total PCU
A48: Day - 1 | B48: ='Day-1'!X34 -> 6673 | C48: ='Day-1'!Y34 -> 890 | D48: ='Day-1'!Z34 -> 657 | E48: ='Day-1'!AA34 -> 798 | F48: ='Day-1'!AB34 -> 780 | G48: ='Day-1'!AC34 -> 1145 | H48: ='Day-1'!AD34 -> 2959 | I48: ='Day-1'!AE34 -> 0 | ... U48: ='Day-1'!AQ34 -> 23270 | V48: =SUMPRODUCT(B48:P48,$B$4:$P$4) -> 36053.5 | W48: Friday | X48: =U48 -> 23270 | Y48: =V48 -> 36053.5
A49: Day - 2 | B49: ='Day-2'!X34 -> 4853 | C49: ='Day-2'!Y34 -> 923 | D49: ='Day-2'!Z34 -> 833 | E49: ='Day-2'!AA34 -> 1047 | F49: ='Day-2'!AB34 -> 774 | G49: ='Day-2'!AC34 -> 1081 | H49: ='Day-2'!AD34 -> 3022 | I49: ='Day-2'!AE34 -> 0 | ... U49: ='Day-2'!AQ34 -> 19672 | V49: =SUMPRODUCT(B49:P49,$B$4:$P$4) -> 33855 | W49: Saturday | X49: =U49 -> 19672 | Y49: =V49 -> 33855
A50: Day - 3 | B50: ='Day-3'!X34 -> 5397 | C50: ='Day-3'!Y34 -> 970 | D50: ='Day-3'!Z34 -> 791 | E50: ='Day-3'!AA34 -> 979 | F50: ='Day-3'!AB34 -> 671 | G50: ='Day-3'!AC34 -> 1085 | H50: ='Day-3'!AD34 -> 3335 | I50: ='Day-3'!AE34 -> 0 | ... U50: ='Day-3'!AQ34 -> 20902 | V50: =SUMPRODUCT(B50:P50,$B$4:$P$4) -> 35868.5 | W50: Sunday | X50: =U50 -> 20902 | Y50: =V50 -> 35868.5
A51: Day - 4 | B51: ='Day-4'!X34 -> 5325 | C51: ='Day-4'!Y34 -> 986 | D51: ='Day-4'!Z34 -> 797 | E51: ='Day-4'!AA34 -> 918 | F51: ='Day-4'!AB34 -> 1070 | G51: ='Day-4'!AC34 -> 1081 | H51: ='Day-4'!AD34 -> 3071 | I51: ='Day-4'!AE34 -> 0 | ... U51: ='Day-4'!AQ34 -> 20951 | V51: =SUMPRODUCT(B51:P51,$B$4:$P$4) -> 35563 | W51: Monday | X51: =U51 -> 20951 | Y51: =V51 -> 35563
A52: Day - 5 | B52: ='Day-5'!X34 -> 4816 | C52: ='Day-5'!Y34 -> 930 | D52: ='Day-5'!Z34 -> 840 | E52: ='Day-5'!AA34 -> 1172 | F52: ='Day-5'!AB34 -> 887 | G52: ='Day-5'!AC34 -> 1043 | H52: ='Day-5'!AD34 -> 3335 | I52: ='Day-5'!AE34 -> 0 | ... U52: ='Day-5'!AQ34 -> 21027 | V52: =SUMPRODUCT(B52:P52,$B$4:$P$4) -> 36135 | W52: Tuesday | X52: =U52 -> 21027 | Y52: =V52 -> 36135
A53: Day - 6 | B53: ='Day-6'!X34 -> 5671 | C53: ='Day-6'!Y34 -> 958 | D53: ='Day-6'!Z34 -> 862 | E53: ='Day-6'!AA34 -> 978 | F53: ='Day-6'!AB34 -> 1005 | G53: ='Day-6'!AC34 -> 1100 | H53: ='Day-6'!AD34 -> 3627 | I53: ='Day-6'!AE34 -> 0 | ... U53: ='Day-6'!AQ34 -> 22195 | V53: =SUMPRODUCT(B53:P53,$B$4:$P$4) -> 38812.5 | W53: Wednesday | X53: =U53 -> 22195 | Y53: =V53 -> 38812.5
A54: Day - 7 | B54: ='Day-7'!X34 -> 7407 | C54: ='Day-7'!Y34 -> 932 | D54: ='Day-7'!Z34 -> 834 | E54: ='Day-7'!AA34 -> 928 | F54: ='Day-7'!AB34 -> 853 | G54: ='Day-7'!AC34 -> 842 | H54: ='Day-7'!AD34 -> 4496 | I54: ='Day-7'!AE34 -> 0 | ... U54: ='Day-7'!AQ34 -> 25704 | V54: =SUMPRODUCT(B54:P54,$B$4:$P$4) -> 43663.5 | W54: Thursday | X54: =U54 -> 25704 | Y54: =V54 -> 43663.5
A55: ADT | B55: =AVERAGE(B48:B54) -> 5734.5714 | C55: =AVERAGE(C48:C54) -> 941.28571 | D55: =AVERAGE(D48:D54) -> 802 | E55: =AVERAGE(E48:E54) -> 974.28571 | F55: =AVERAGE(F48:F54) -> 862.85714 | G55: =AVERAGE(G48:G54) -> 1053.8571 | H55: =AVERAGE(H48:H54) -> 3406.4286 | I55: =AVERAGE(I48:I54) -> 0 | ... U55: =AVERAGE(U48:U54) -> 21960.143 | V55: =SUMPRODUCT(B55:P55,$B$4:$P$4) -> 37135.857 | X55: =SUMPRODUCT(B55:I55,$B$4:$I$4) -> 31900.929 | Y55: =SUMPRODUCT(J55:O55,$J$4:$O$4) -> 5199.5714
A56: AADT | B56: =B55*$B$34 -> 5333.1514 | C56: =C55*$B$34 -> 875.39571 | D56: =D55*$D$34 -> 842.1 | E56: =E55*$D$34 -> 1023 | F56: =F55*$D$34 -> 906 | G56: =G55*$D$34 -> 1106.55 | H56: =H55*$D$34 -> 3576.75 | I56: =I55*$D$34 -> 0 | J56: =J55*$B$34 -> 6301.0157 | K56: =K55*$B$34 -> 1163.1643 | L56: =L55*$D$34 -> 22.95 | M56: =M55*$A$34 -> 115 | N56: =N55*$A$34 -> 11.571429 | O56: =O55*$B$34 -> 2.3914286 | P56: =P55*$D$34 -> 8.25 | Q56: =B56+C56+J56+K56+N56+O56 -> 13686.69 | R56: =D56+E56+F56+G56+H56+I56+L56+M56+P56 -> 7600.6 | S56: =Q56+R56 -> 21287.29 | T56: =N56+O56 -> 13.962857 | U56: =SUM(B56:P56) -> 21287.29 | V56: =SUMPRODUCT(B56:P56,$B$4:$P$4) -> 37382.254
A57: ADT(LHS) | B57: =AVERAGE('Day-1'!B34,'Day-2'!B34,'Day-3'!B34,'Day-4'!B34,'Day-5'!B34,'Day-6'!B34,'Day-7'!B34) -> 2777.2857 | C57: =AVERAGE('Day-1'!C34,'Day-2'!C34,'Day-3'!C34,'Day-4'!C34,'Day-5'!C34,'Day-6'!C34,'Day-7'!C34) -> 464.42857 | D57: =AVERAGE('Day-1'!D34,'Day-2'!D34,'Day-3'!D34,'Day-4'!D34,'Day-5'!D34,'Day-6'!D34,'Day-7'!D34) -> 410.71429 | E57: =AVERAGE('Day-1'!E34,'Day-2'!E34,'Day-3'!E34,'Day-4'!E34,'Day-5'!E34,'Day-6'!E34,'Day-7'!E34) -> 497.57143 | F57: =AVERAGE('Day-1'!F34,'Day-2'!F34,'Day-3'!F34,'Day-4'!F34,'Day-5'!F34,'Day-6'!F34,'Day-7'!F34) -> 380 | G57: =AVERAGE('Day-1'!G34,'Day-2'!G34,'Day-3'!G34,'Day-4'!G34,'Day-5'!G34,'Day-6'!G34,'Day-7'!G34) -> 447.42857 | H57: =AVERAGE('Day-1'!H34,'Day-2'!H34,'Day-3'!H34,'Day-4'!H34,'Day-5'!H34,'Day-6'!H34,'Day-7'!H34) -> 1729.5714 | I57: =AVERAGE('Day-1'!I34,'Day-2'!I34,'Day-3'!I34,'Day-4'!I34,'Day-5'!I34,'Day-6'!I34,'Day-7'!I34) -> 0 | ... V57: =AVERAGE('Day-1'!V34,'Day-2'!V34,'Day-3'!V34,'Day-4'!V34,'Day-5'!V34,'Day-6'!V34,'Day-7'!V34) -> 18364.429
A58: ADT(RHS) | B58: =B55-B57 -> 2957.2857 | C58: =C55-C57 -> 476.85714 | D58: =D55-D57 -> 391.28571 | E58: =E55-E57 -> 476.71429 | F58: =F55-F57 -> 482.85714 | G58: =G55-G57 -> 606.42857 | H58: =H55-H57 -> 1676.8571 | I58: =I55-I57 -> 0 | ... V58: =V55-V57 -> 18771.429
A59: AADT(LHS) | B59: =B57*$B$34 -> 2582.8757 | C59: =C57*$B$34 -> 431.91857 | D59: =D57*$D$34 -> 431.25 | E59: =E57*$D$34 -> 522.45 | F59: =F57*$D$34 -> 399 | G59: =G57*$D$34 -> 469.8 | H59: =H57*$D$34 -> 1816.05 | I59: =I57*$D$34 -> 0 | J59: =J57*$B$34 -> 3316.2471 | K59: =K57*$B$34 -> 631.86857 | L59: =L57*$D$34 -> 12.3 | M59: =M57*$A$34 -> 60 | N59: =N57*$A$34 -> 4.2857143 | O59: =O57*$B$34 -> 2.1257143 | P59: =P57*$D$34 -> 3.45 | Q59: =B59+C59+J59+K59+N59+O59 -> 6969.3214 | R59: =D59+E59+F59+G59+H59+I59+L59+M59+P59 -> 3714.3 | S59: =Q59+R59 -> 10683.621 | T59: =N59+O59 -> 6.4114286 | U59: =SUM(B59:P59) -> 10683.621 | V59: =SUMPRODUCT(B59:P59,$B$4:$P$4) -> 18472.543
A60: AADT(RHS) | B60: =B58*$B$34 -> 2750.2757 | C60: =C58*$B$34 -> 443.47714 | D60: =D58*$D$34 -> 410.85 | E60: =E58*$D$34 -> 500.55 | F60: =F58*$D$34 -> 507 | G60: =G58*$D$34 -> 636.75 | H60: =H58*$D$34 -> 1760.7 | I60: =I58*$D$34 -> 0 | J60: =J58*$B$34 -> 2984.7686 | K60: =K58*$B$34 -> 531.29571 | L60: =L58*$D$34 -> 10.65 | M60: =M58*$A$34 -> 55 | N60: =N58*$A$34 -> 7.2857143 | O60: =O58*$B$34 -> 0.26571429 | P60: =P58*$D$34 -> 4.8 | Q60: =B60+C60+J60+K60+N60+O60 -> 6717.3686 | R60: =D60+E60+F60+G60+H60+I60+L60+M60+P60 -> 3886.3 | S60: =Q60+R60 -> 10603.669 | T60: =N60+O60 -> 7.5514286 | U60: =SUM(B60:P60) -> 10603.669 | V60: =SUMPRODUCT(B60:P60,$B$4:$P$4) -> 18909.711

Sheet Tables
A1: Summary of Average Daily Traffic (ADT)
A2: Vehicle Category | B2: Nathavalasa Toll Plaza
A3: Car, Jeep, Van& Taxi | B3: =ADT!B55 -> 5734.5714
A4: Bus | B4: =ADT!C55 -> 941.28571
A5: LMV | B5: =ADT!D55 -> 802
A6: LCV | B6: =ADT!E55 -> 974.28571
A7: 2Axle | B7: =ADT!F55 -> 862.85714
A8: 3Axle | B8: =ADT!G55 -> 1053.8571
A9: 4-6Axle | B9: =ADT!H55 -> 3406.4286
A10: 7+ - Axle | B10: =ADT!I55 -> 0
A11: 2-Wheeler | B11: =ADT!J55 -> 6775.2857
A12: 3-Wheeler | B12: =ADT!K55 -> 1250.7143
A13: Tractor | B13: =ADT!L55 -> 21.857143
A14: Tractor with trailor | B14: =ADT!M55 -> 115
A15: Cycle | B15: =ADT!N55 -> 11.571429
A16: Rickshaw | B16: =ADT!O55 -> 2.5714286
A17: EME & HCM | B17: =ADT!P55 -> 7.8571429
A18: Total Tollable Vehicles | B18: =B3+B5+B6+B7+B8+B9+B10 -> 12834
A19: Total Tollable PCUs | B19: =ADT!X55 -> 31900.929
A20: Non-Tollable Vehicles | B20: =B11+B12+B13+B14+B15+B16+B17 -> 8184.8571
A21: Non-Tollable PCU | B21: =ADT!Y55 -> 5199.5714
A22: Total Vehicles | B22: =+B18+B20 -> 21018.857
A23: Total PCU | B23: =ADT!V55 -> 37135.857
A24: #The field data and day wise summary of classified volume count surveys are given in ANNEXURE-1
A27: Peak Hour Factors Observed at Traffic Count Locations
A28: Sl. No | B28: Survey Location | C28: Peak Hour Volume (PCU) | D28: PHP(%) | E28: Peak Hour
A29: 1 | B29: =B2 -> Nathavalasa Toll Plaza | C29: =ADT!Y11 -> 2057.7143 | D29: =ADT!AA11 -> 0.055410443 | E29: =ADT!Z11 -> 10:00-11:00
A34: Traffic Composition
A35: Sl. No | B35: Survey Location | C35: Cars | D35: Buses | E35: 2W | F35: Auto | G35: LMV | H35: LCV | I35: 2 Axle | J35: 3 Axle | K35: =Charts!$A$68 -> MAV | L35: Tractors | M35: Slow Moving Vehicles
A36: 1 | B36: =B29 -> Nathavalasa Toll Plaza | C36: =Charts!C62 -> 0.2612289 | D36: =Charts!C63 -> 0.042878711 | E36: =Charts!C69 -> 0.30863691 | F36: =Charts!C70 -> 0.056974217 | G36: =Charts!C64 -> 0.036533781 | H36: =Charts!C65 -> 0.044381971 | I36: =Charts!C66 -> 0.039306027 | J36: =Charts!C67 -> 0.048006716 | K36: =Charts!$C$68 -> 0.15517421 | L36: =Charts!C71+Charts!C72 -> 0.0062343004 | M36: =Charts!C73 -> 0.00064425442

Sheet Charts
A3: Cls - 1 | C3: =ADT!B55 -> 5734.5714 | E3: =C3/$C$17 -> 0.2612289
A4: Cls - 2 | C4: =ADT!C55 -> 941.28571 | E4: =C4/$C$17 -> 0.042878711
A5: Cls - 3 | C5: =ADT!D55 -> 802 | E5: =C5/$C$17 -> 0.036533781
A6: Cls - 4 | C6: =ADT!E55 -> 974.28571 | E6: =C6/$C$17 -> 0.044381971
A7: Cls - 5 | C7: =ADT!F55 -> 862.85714 | E7: =C7/$C$17 -> 0.039306027
A8: Cls - 6 | C8: =ADT!G55 -> 1053.8571 | E8: =C8/$C$17 -> 0.048006716
A9: Cls - 7 | C9: =ADT!H55 -> 3406.4286 | E9: =C9/$C$17 -> 0.15517421
A10: Cls - 8 | C10: =ADT!I55 -> 0 | E10: =C10/$C$17 -> 0
A11: Cls - 9 | C11: =ADT!J55 -> 6775.2857 | E11: =C11/$C$17 -> 0.30863691
A12: Cls - 10 | C12: =ADT!K55 -> 1250.7143 | E12: =C12/$C$17 -> 0.056974217
A13: Cls - 11 | C13: =ADT!L55 -> 21.857143 | E13: =C13/$C$17 -> 0.00099566592
A14: Cls - 12 | C14: =ADT!M55 -> 115 | E14: =C14/$C$17 -> 0.0052386344
A15: Cls - 13 | C15: =ADT!N55 -> 11.571429 | E15: =C15/$C$17 -> 0.00052711725
A16: Cls - 14 | C16: =ADT!O55 -> 2.5714286 | E16: =C16/$C$17 -> 0.00011713717
C17: =SUM(C3:C16) -> 21952.286 | E17: =SUM(E3:E16) -> 1
A20: Day | B20: Vehicles | C20: PCUs
A21: Day 1 | B21: ='Day-1'!AQ34 -> 23270 | C21: ='Day-1'!AR34 -> 36053.5
A22: Day 2 | B22: ='Day-2'!AQ34 -> 19672 | C22: ='Day-2'!AR34 -> 33855
A23: Day 3 | B23: ='Day-3'!AQ34 -> 20902 | C23: ='Day-3'!AR34 -> 35868.5
A24: Day 4 | B24: ='Day-4'!AQ34 -> 20951 | C24: ='Day-4'!AR34 -> 35563
A25: Day 5 | B25: ='Day-5'!AQ34 -> 21027 | C25: ='Day-5'!AR34 -> 36135
A26: Day 6 | B26: ='Day-6'!AQ34 -> 22195 | C26: ='Day-6'!AR34 -> 38812.5
A27: Day 7 | B27: ='Day-7'!AQ34 -> 25704 | C27: ='Day-7'!AR34 -> 43663.5
A30: Time interval | B30: Passenger Vehicles | C30: Freight Vehicles | D30: Total Fast Moving Vehicles | E30: Total Slow Moving Vehicles | F30: Total Vehicles | G30: Total PCU
A31: ='Day-7'!A10 -> 12:00-13:00 | B31: =ADT!Q7 -> 782.42857 | C31: =ADT!R7 -> 292.71429 | D31: =ADT!S7 -> 1075.1429 | E31: =ADT!T7 -> 0.71428571 | F31: =ADT!U7 -> 1075.1429 | G31: =ADT!V7 -> 1623.7143
A32: ='Day-7'!A11 -> 13:00-14:00 | B32: =ADT!Q8 -> 711.28571 | C32: =ADT!R8 -> 277 | D32: =ADT!S8 -> 988.28571 | E32: =ADT!T8 -> 1.5714286 | F32: =ADT!U8 -> 988.28571 | G32: =ADT!V8 -> 1517.5
A33: ='Day-7'!A12 -> 14:00-15:00 | B33: =ADT!Q9 -> 754.57143 | C33: =ADT!R9 -> 284 | D33: =ADT!S9 -> 1038.5714 | E33: =ADT!T9 -> 1.2857143 | F33: =ADT!U9 -> 1038.5714 | G33: =ADT!V9 -> 1563.3571
A34: ='Day-7'!A13 -> 15:00-16:00 | B34: =ADT!Q10 -> 904.57143 | C34: =ADT!R10 -> 319.42857 | D34: =ADT!S10 -> 1224 | E34: =ADT!T10 -> 0.71428571 | F34: =ADT!U10 -> 1224 | G34: =ADT!V10 -> 1843.1429
A35: ='Day-7'!A14 -> 16:00-17:00 | B35: =ADT!Q11 -> 1003.4286 | C35: =ADT!R11 -> 308.71429 | D35: =ADT!S11 -> 1312.1429 | E35: =ADT!T11 -> 0.57142857 | F35: =ADT!U11 -> 1312.1429 | G35: =ADT!V11 -> 1866.4286
A36: ='Day-7'!A15 -> 17:00-18:00 | B36: =ADT!Q12 -> 1029.8571 | C36: =ADT!R12 -> 329.71429 | D36: =ADT!S12 -> 1359.5714 | E36: =ADT!T12 -> 0.28571429 | F36: =ADT!U12 -> 1359.5714 | G36: =ADT!V12 -> 1972.8571
A37: ='Day-7'!A16 -> 18:00-19:00 | B37: =ADT!Q13 -> 967.57143 | C37: =ADT!R13 -> 335.57143 | D37: =ADT!S13 -> 1303.1429 | E37: =ADT!T13 -> 0.57142857 | F37: =ADT!U13 -> 1303.1429 | G37: =ADT!V13 -> 1922.9286
A38: ='Day-7'!A17 -> 19:00-20:00 | B38: =ADT!Q14 -> 791.14286 | C38: =ADT!R14 -> 321.57143 | D38: =ADT!S14 -> 1112.7143 | E38: =ADT!T14 -> 0 | F38: =ADT!U14 -> 1112.7143 | G38: =ADT!V14 -> 1717.0714
A39: ='Day-7'!A18 -> 20:00-21:00 | B39: =ADT!Q15 -> 609.42857 | C39: =ADT!R15 -> 321.42857 | D39: =ADT!S15 -> 930.85714 | E39: =ADT!T15 -> 0 | F39: =ADT!U15 -> 930.85714 | G39: =ADT!V15 -> 1578.8571
A40: ='Day-7'!A19 -> 21:00-22:00 | B40: =ADT!Q16 -> 435.42857 | C40: =ADT!R16 -> 321.57143 | D40: =ADT!S16 -> 757 | E40: =ADT!T16 -> 0.28571429 | F40: =ADT!U16 -> 757 | G40: =ADT!V16 -> 1495.9286
A41: ='Day-7'!A20 -> 22:00-23:00 | B41: =ADT!Q17 -> 270.28571 | C41: =ADT!R17 -> 318 | D41: =ADT!S17 -> 588.28571 | E41: =ADT!T17 -> 0 | F41: =ADT!U17 -> 588.28571 | G41: =ADT!V17 -> 1323.8571
A42: ='Day-7'!A21 -> 23:00-00:00 | B42: =ADT!Q18 -> 164.14286 | C42: =ADT!R18 -> 292.57143 | D42: =ADT!S18 -> 456.71429 | E42: =ADT!T18 -> 0.28571429 | F42: =ADT!U18 -> 456.71429 | G42: =ADT!V18 -> 1189.9286
... A54: ='Day-7'!A33 -> 11:00-12:00 | B54: =ADT!Q30 -> 962.14286 | C54: =ADT!R30 -> 339.85714 | D54: =ADT!S30 -> 1302 | E54: =ADT!T30 -> 0.85714286 | F54: =ADT!U30 -> 1302 | G54: =ADT!V30 -> 1931.5714
A55: Total | B55: =SUM(B31:B54) -> 14716 | C55: =SUM(C31:C54) -> 7244.1429 | D55: =SUM(D31:D54) -> 21960.143 | E55: =SUM(E31:E54) -> 14.142857 | F55: =SUM(F31:F54) -> 21960.143 | G55: =SUM(G31:G54) -> 37135.857
A62: Car, Jeep, Van& Taxi | B62: =SUM(ADT!B48:B54) -> 40142 | C62: =B62/$B$74 -> 0.2612289
A63: Bus | B63: =SUM(ADT!C48:C54) -> 6589 | C63: =B63/$B$74 -> 0.042878711
A64: LMV | B64: =SUM(ADT!D48:D54) -> 5614 | C64: =B64/$B$74 -> 0.036533781
A65: LCV | B65: =SUM(ADT!E48:E54) -> 6820 | C65: =B65/$B$74 -> 0.044381971
A66: 2Axle | B66: =SUM(ADT!F48:F54) -> 6040 | C66: =B66/$B$74 -> 0.039306027
A67: 3Axle | B67: =SUM(ADT!G48:G54) -> 7377 | C67: =B67/$B$74 -> 0.048006716
A68: MAV | B68: =SUM(ADT!H48:H54) -> 23845 | C68: =B68/$B$74 -> 0.15517421
A69: 2-Wheeler | B69: =SUM(ADT!J48:J54) -> 47427 | C69: =B69/$B$74 -> 0.30863691
A70: 3-Wheeler | B70: =SUM(ADT!K48:K54) -> 8755 | C70: =B70/$B$74 -> 0.056974217
A71: Tractor | B71: =SUM(ADT!L48:L54) -> 153 | C71: =B71/$B$74 -> 0.00099566592 | E71: =C71+C72 -> 0.0062343004
A72: Tractor with trailor | B72: =SUM(ADT!M48:M54) -> 805 | C72: =B72/$B$74 -> 0.0052386344
A73: Slow Moving Vehicles | B73: =SUM(ADT!N48:O54) -> 99 | C73: =B73/$B$74 -> 0.00064425442
B74: =SUM(B62:B73) -> 153666 | C74: =SUM(C62:C73) -> 1

Sheet ADT Directionwise
A1: Day wise summary, ADT
A2: Location:
A3: Direction :Ranasthalam to Anandapuram
A4: Time | B4: Motorized Vehicles | N4: Non Motorized
B5: Car, Jeep, Van& Taxi | C5: Bus | D5: LMV | E5: LCV | F5: 2Axle | G5: 3Axle | H5: 4-6Axle | I5: 7+ - Axle | J5: 2-Wheeler | K5: 3-Wheeler | L5: Tractor | M5: Tractor with trailor | N5: Cycle | O5: Rickshaw | P5: EME & HCM | Q5: Passenger Vehicles | R5: Freight Vehicles | S5: Total Fast Moving Vehicles | T5: Total Slow Moving Vehicles | U5: Total Vehicles | V5: Total PCU
A6: Day-1 | B6: ='Day-1'!B34 -> 3164 | C6: ='Day-1'!C34 -> 436 | D6: ='Day-1'!D34 -> 323 | E6: ='Day-1'!E34 -> 368 | F6: ='Day-1'!F34 -> 353 | G6: ='Day-1'!G34 -> 422 | H6: ='Day-1'!H34 -> 1604 | I6: ='Day-1'!I34 -> 0 | ... V6: ='Day-1'!V34 -> 18175.5 | W6: =V6/V34 -> 0.50412581
A7: Day-2 | B7: ='Day-2'!B34 -> 2389 | C7: ='Day-2'!C34 -> 451 | D7: ='Day-2'!D34 -> 396 | E7: ='Day-2'!E34 -> 522 | F7: ='Day-2'!F34 -> 362 | G7: ='Day-2'!G34 -> 431 | H7: ='Day-2'!H34 -> 1581 | I7: ='Day-2'!I34 -> 0 | ... V7: ='Day-2'!V34 -> 17017.5 | W7: =V7/V35 -> 0.5026584
A8: Day-3 | B8: ='Day-3'!B34 -> 2490 | C8: ='Day-3'!C34 -> 465 | D8: ='Day-3'!D34 -> 429 | E8: ='Day-3'!E34 -> 530 | F8: ='Day-3'!F34 -> 280 | G8: ='Day-3'!G34 -> 529 | H8: ='Day-3'!H34 -> 1556 | I8: ='Day-3'!I34 -> 0 | ... V8: ='Day-3'!V34 -> 17218.5 | W8: =V8/V36 -> 0.48004516
A9: Day-4 | B9: ='Day-4'!B34 -> 2695 | C9: ='Day-4'!C34 -> 510 | D9: ='Day-4'!D34 -> 436 | E9: ='Day-4'!E34 -> 446 | F9: ='Day-4'!F34 -> 478 | G9: ='Day-4'!G34 -> 444 | H9: ='Day-4'!H34 -> 1766 | I9: ='Day-4'!I34 -> 0 | ... V9: ='Day-4'!V34 -> 18668 | W9: =V9/V37 -> 0.52492759
A10: Day-5 | B10: ='Day-5'!B34 -> 2417 | C10: ='Day-5'!C34 -> 465 | D10: ='Day-5'!D34 -> 428 | E10: ='Day-5'!E34 -> 589 | F10: ='Day-5'!F34 -> 399 | G10: ='Day-5'!G34 -> 440 | H10: ='Day-5'!H34 -> 1668 | I10: ='Day-5'!I34 -> 0 | ... V10: ='Day-5'!V34 -> 17857.5 | W10: =V10/V38 -> 0.49418846
A11: Day-6 | B11: ='Day-6'!B34 -> 2968 | C11: ='Day-6'!C34 -> 466 | D11: ='Day-6'!D34 -> 433 | E11: ='Day-6'!E34 -> 563 | F11: ='Day-6'!F34 -> 442 | G11: ='Day-6'!G34 -> 527 | H11: ='Day-6'!H34 -> 1782 | I11: ='Day-6'!I34 -> 0 | ... V11: ='Day-6'!V34 -> 19172 | W11: =V11/V39 -> 0.49396457
A12: Day-7 | B12: ='Day-7'!B34 -> 3318 | C12: ='Day-7'!C34 -> 458 | D12: ='Day-7'!D34 -> 430 | E12: ='Day-7'!E34 -> 465 | F12: ='Day-7'!F34 -> 346 | G12: ='Day-7'!G34 -> 339 | H12: ='Day-7'!H34 -> 2150 | I12: ='Day-7'!I34 -> 0 | ... V12: ='Day-7'!V34 -> 20442 | W12: =V12/V40 -> 0.46817136
A13: ADT | B13: =AVERAGE(B6:B12) -> 2777.2857 | C13: =AVERAGE(C6:C12) -> 464.42857 | D13: =AVERAGE(D6:D12) -> 410.71429 | E13: =AVERAGE(E6:E12) -> 497.57143 | F13: =AVERAGE(F6:F12) -> 380 | G13: =AVERAGE(G6:G12) -> 447.42857 | H13: =AVERAGE(H6:H12) -> 1729.5714 | I13: =AVERAGE(I6:I12) -> 0 | ... V13: =AVERAGE(V6:V12) -> 18364.429 | W13: =V13/V41 -> 0.49452012
A15: Day wise summary, ADT
A16: Location:
A17: Direction : Anandapuram to Ranasthalam
A18: Time | B18: Motorized Vehicles | N18: Non Motorized
B19: Car, Jeep, Van& Taxi | C19: Bus | D19: LMV | E19: LCV | F19: 2Axle | G19: 3Axle | H19: 4-6Axle | I19: 7+ - Axle | J19: 2-Wheeler | K19: 3-Wheeler | L19: Tractor | M19: Tractor with trailor | N19: Cycle | O19: Rickshaw | P19: EME & HCM | Q19: Passenger Vehicles | R19: Freight Vehicles | S19: Total Fast Moving Vehicles | T19: Total Slow Moving Vehicles | U19: Total Vehicles | V19: Total PCU
A20: Day-1 | B20: ='Day-1'!B68 -> 3509 | C20: ='Day-1'!C68 -> 454 | D20: ='Day-1'!D68 -> 334 | E20: ='Day-1'!E68 -> 430 | F20: ='Day-1'!F68 -> 427 | G20: ='Day-1'!G68 -> 723 | H20: ='Day-1'!H68 -> 1355 | I20: ='Day-1'!I68 -> 0 | ... V20: ='Day-1'!V68 -> 17878 | W20: =V20/V34 -> 0.49587419
A21: Day-2 | B21: ='Day-2'!B68 -> 2324 | C21: ='Day-2'!C68 -> 434 | D21: ='Day-2'!D68 -> 405 | E21: ='Day-2'!E68 -> 484 | F21: ='Day-2'!F68 -> 381 | G21: ='Day-2'!G68 -> 607 | H21: ='Day-2'!H68 -> 1352 | I21: ='Day-2'!I68 -> 0 | ... V21: ='Day-2'!V68 -> 16837.5 | W21: =V21/V35 -> 0.4973416
A22: Day-3 | B22: ='Day-3'!B68 -> 2907 | C22: ='Day-3'!C68 -> 505 | D22: ='Day-3'!D68 -> 362 | E22: ='Day-3'!E68 -> 449 | F22: ='Day-3'!F68 -> 391 | G22: ='Day-3'!G68 -> 556 | H22: ='Day-3'!H68 -> 1779 | I22: ='Day-3'!I68 -> 0 | ... V22: ='Day-3'!V68 -> 18650 | W22: =V22/V36 -> 0.51995484
A23: Day-4 | B23: ='Day-4'!B68 -> 2630 | C23: ='Day-4'!C68 -> 476 | D23: ='Day-4'!D68 -> 361 | E23: ='Day-4'!E68 -> 472 | F23: ='Day-4'!F68 -> 592 | G23: ='Day-4'!G68 -> 637 | H23: ='Day-4'!H68 -> 1305 | I23: ='Day-4'!I68 -> 0 | ... V23: ='Day-4'!V68 -> 16895 | W23: =V23/V37 -> 0.47507241
A24: Day-5 | B24: ='Day-5'!B68 -> 2399 | C24: ='Day-5'!C68 -> 465 | D24: ='Day-5'!D68 -> 412 | E24: ='Day-5'!E68 -> 583 | F24: ='Day-5'!F68 -> 488 | G24: ='Day-5'!G68 -> 603 | H24: ='Day-5'!H68 -> 1667 | I24: ='Day-5'!I68 -> 0 | ... V24: ='Day-5'!V68 -> 18277.5 | W24: =V24/V38 -> 0.50581154
A25: Day-6 | B25: ='Day-6'!B68 -> 2703 | C25: ='Day-6'!C68 -> 492 | D25: ='Day-6'!D68 -> 429 | E25: ='Day-6'!E68 -> 415 | F25: ='Day-6'!F68 -> 563 | G25: ='Day-6'!G68 -> 573 | H25: ='Day-6'!H68 -> 1845 | I25: ='Day-6'!I68 -> 0 | ... V25: ='Day-6'!V68 -> 19640.5 | W25: =V25/V39 -> 0.50603543
A26: Day-7 | B26: ='Day-7'!B68 -> 4089 | C26: ='Day-7'!C68 -> 474 | D26: ='Day-7'!D68 -> 404 | E26: ='Day-7'!E68 -> 463 | F26: ='Day-7'!F68 -> 507 | G26: ='Day-7'!G68 -> 503 | H26: ='Day-7'!H68 -> 2346 | I26: ='Day-7'!I68 -> 0 | ... V26: ='Day-7'!V68 -> 23221.5 | W26: =V26/V40 -> 0.53182864
A27: ADT | B27: =AVERAGE(B20:B26) -> 2937.2857 | C27: =AVERAGE(C20:C26) -> 471.42857 | D27: =AVERAGE(D20:D26) -> 386.71429 | E27: =AVERAGE(E20:E26) -> 470.85714 | F27: =AVERAGE(F20:F26) -> 478.42857 | G27: =AVERAGE(G20:G26) -> 600.28571 | H27: =AVERAGE(H20:H26) -> 1664.1429 | I27: =AVERAGE(I20:I26) -> 0 | ... V27: =AVERAGE(V20:V26) -> 18771.429 | W27: =V27/V41 -> 0.50547988
A29: Day wise summary, ADT
A30: Location:
A31: Direction : Both Directions
A32: Time | B32: Motorized Vehicles | N32: Non Motorized | X32: S.no | Y32: Day | Z32: Direction
B33: Car, Jeep, Van& Taxi | C33: Bus | D33: LMV | E33: LCV | F33: 2Axle | G33: 3Axle | H33: 4-6Axle | I33: 7+ - Axle | J33: 2-Wheeler | K33: 3-Wheeler | L33: Tractor | M33: Tractor with trailor | N33: Cycle | O33: Rickshaw | P33: EME & HCM | Q33: Passenger Vehicles | R33: Freight Vehicles | S33: Total Fast Moving Vehicles | T33: Total Slow Moving Vehicles | U33: Total Vehicles | V33: Total PCU | Z33: Ranasthalam to Anandapuram | AA33: Anandapuram to Ranasthalam
A34: Day-1 | B34: =SUM(B6+B20) -> 6673 | C34: =SUM(C6+C20) -> 890 | D34: =SUM(D6+D20) -> 657 | E34: =SUM(E6+E20) -> 798 | F34: =SUM(F6+F20) -> 780 | G34: =SUM(G6+G20) -> 1145 | H34: =SUM(H6+H20) -> 2959 | I34: =SUM(I6+I20) -> 0 | ... V34: =SUM(V6+V20) -> 36053.5 | X34: 1 | Y34: Day 1 | Z34: =W6 -> 0.50412581 | AA34: =W20 -> 0.49587419
A35: Day-2 | B35: =SUM(B7+B21) -> 4713 | C35: =SUM(C7+C21) -> 885 | D35: =SUM(D7+D21) -> 801 | E35: =SUM(E7+E21) -> 1006 | F35: =SUM(F7+F21) -> 743 | G35: =SUM(G7+G21) -> 1038 | H35: =SUM(H7+H21) -> 2933 | I35: =SUM(I7+I21) -> 0 | ... V35: =SUM(V7+V21) -> 33855 | X35: 2 | Y35: Day 2 | Z35: =W7 -> 0.5026584 | AA35: =W21 -> 0.4973416
A36: Day-3 | B36: =SUM(B8+B22) -> 5397 | C36: =SUM(C8+C22) -> 970 | D36: =SUM(D8+D22) -> 791 | E36: =SUM(E8+E22) -> 979 | F36: =SUM(F8+F22) -> 671 | G36: =SUM(G8+G22) -> 1085 | H36: =SUM(H8+H22) -> 3335 | I36: =SUM(I8+I22) -> 0 | ... V36: =SUM(V8+V22) -> 35868.5 | X36: 3 | Y36: Day 3 | Z36: =W8 -> 0.48004516 | AA36: =W22 -> 0.51995484
A37: Day-4 | B37: =SUM(B9+B23) -> 5325 | C37: =SUM(C9+C23) -> 986 | D37: =SUM(D9+D23) -> 797 | E37: =SUM(E9+E23) -> 918 | F37: =SUM(F9+F23) -> 1070 | G37: =SUM(G9+G23) -> 1081 | H37: =SUM(H9+H23) -> 3071 | I37: =SUM(I9+I23) -> 0 | ... V37: =SUM(V9+V23) -> 35563 | X37: 4 | Y37: Day 4 | Z37: =W9 -> 0.52492759 | AA37: =W23 -> 0.47507241
A38: Day-5 | B38: =SUM(B10+B24) -> 4816 | C38: =SUM(C10+C24) -> 930 | D38: =SUM(D10+D24) -> 840 | E38: =SUM(E10+E24) -> 1172 | F38: =SUM(F10+F24) -> 887 | G38: =SUM(G10+G24) -> 1043 | H38: =SUM(H10+H24) -> 3335 | I38: =SUM(I10+I24) -> 0 | ... V38: =SUM(V10+V24) -> 36135 | X38: 5 | Y38: Day 5 | Z38: =W10 -> 0.49418846 | AA38: =W24 -> 0.50581154
A39: Day-6 | B39: =SUM(B11+B25) -> 5671 | C39: =SUM(C11+C25) -> 958 | D39: =SUM(D11+D25) -> 862 | E39: =SUM(E11+E25) -> 978 | F39: =SUM(F11+F25) -> 1005 | G39: =SUM(G11+G25) -> 1100 | H39: =SUM(H11+H25) -> 3627 | I39: =SUM(I11+I25) -> 0 | ... V39: =SUM(V11+V25) -> 38812.5 | X39: 6 | Y39: Day 6 | Z39: =W11 -> 0.49396457 | AA39: =W25 -> 0.50603543
A40: Day-7 | B40: =SUM(B12+B26) -> 7407 | C40: =SUM(C12+C26) -> 932 | D40: =SUM(D12+D26) -> 834 | E40: =SUM(E12+E26) -> 928 | F40: =SUM(F12+F26) -> 853 | G40: =SUM(G12+G26) -> 842 | H40: =SUM(H12+H26) -> 4496 | I40: =SUM(I12+I26) -> 0 | ... V40: =SUM(V12+V26) -> 43663.5 | X40: 7 | Y40: Day 7 | Z40: =W12 -> 0.46817136 | AA40: =W26 -> 0.53182864
A41: ADT | B41: =AVERAGE(B34:B40) -> 5714.5714 | C41: =AVERAGE(C34:C40) -> 935.85714 | D41: =AVERAGE(D34:D40) -> 797.42857 | E41: =AVERAGE(E34:E40) -> 968.42857 | F41: =AVERAGE(F34:F40) -> 858.42857 | G41: =AVERAGE(G34:G40) -> 1047.7143 | H41: =AVERAGE(H34:H40) -> 3393.7143 | I41: =AVERAGE(I34:I40) -> 0 | ... V41: =AVERAGE(V34:V40) -> 37135.857

Sheet ADT Summary
A1: Traffic (ADT)
A2: Location | B2: Base Year | C2: LCV | D2: BUS | E2: 2 Axle Truck | F2: 3 Axle Truck | G2: MAV | H2: Oversized vehicles
A3: Nathavalasa Toll Plaza | B3: 2023 | C3: =ADT!E55 -> 974.28571 | D3: =ADT!C55 -> 941.28571 | E3: =ADT!F55 -> 862.85714 | F3: =ADT!G55 -> 1053.8571 | G3: =ADT!H55 -> 3406.4286 | H3: =ADT!I55 -> 0
A6: Traffic (AADT)
A7: Location | B7: Base Year | C7: LCV | D7: BUS | E7: 2 Axle Truck | F7: 3 Axle Truck | G7: MAV | H7: Oversized vehicles
A8: =A3 -> Nathavalasa Toll Plaza | B8: 2023 | C8: =ADT!E56 -> 1023 | D8: =ADT!C56 -> 875.39571 | E8: =ADT!F56 -> 906 | F8: =ADT!G56 -> 1106.55 | G8: =ADT!H56 -> 3576.75 | H8: =ADT!I56 -> 0

Sheet Info
A1: Sensors | B1: Pneumatic tubes | E1: Size | F1: 350mm x 124mm x 95mm
A2: Tube spacing | B2: 80-120 cm (100cm by default) | E2: Data event recording | F2: 2 Channel event time stamp data at a resolution of 0.688ms.
A3: Internal battery | B3: 6V 18Ah, 4D alkaline cells | E3: Enclosure | F3: Dual system with stainless steel road case and PVC internal unit
A4: Memory | B4: Up to 4 million axles | E4: Weight | F4: 4.13kg
A5: Memory type | B5: Flash | E5: Power | F5: 6V 18Ah, 4D alkaline cells
A6: Time resolution | B6: Better than 0.688ms | E6: Memory capacity | F6: Upto 4 million axles
A7: Enclosure | B7: Dual system with stainless steel road case and PVC internal unit | E7: Tube nozzle | F7: Dual-nozzle for mini (low profile) or standard tube sizes.
A8: Dimensions | B8: 350mm x 124mm x 95mm | E8: Environmental temperature range | F8: -10° C to 70° C
A9: Total weight | B9: 4.13kg | E9: Output port | F9: Military spec weather resistant plug for high speed communication via USB cable. Up to 12 MBaud download speeds.
A10: Included | B10: MTE software, operating manual | E10: Software | F10: MetrCount is a complete and comprehensive software package that includes common export and printing formats such as Excel, PDF, text, and more. Windows based, easy to use with powerful data analysis.
A11: Required accessories | B11: Traffic survey field kit, data communications cable
A12: Add-ons | B12: Remote Access Module
E21: Vehicle Type | F21: PCU factor
E22: Two Wheeler | F22: 0.5
E23: Three Wheeler (Auto Rickshaw) | F23: 1
E24: Car, Jeep, Van& Taxi | F24: 1
E25: Mini Bus, School Bus | F25: 1.5
E26: Standard Bus (Govt. & Private) | F26: 3
E27: Mini LCV | F27: 1
E28: Light Commercial Vehicle (LCV) | F28: 1.5
E29: 2-Axle Truck (2-AT) | F29: 3
E30: 3-Axle Truck (3-AT) | F30: 3
E31: Multi Axle Vehicle (MAV) | F31: 4.5
E32: Agriculture Tractor | F32: 1.5
E33: Agriculture Tractor with Trailer | F33: 4.5
... E37: Animal Drawn Cart | F37: 8

Sheet Sheet1
I2: Seven days Volume Count
C4: Day | D4: Car, Jeep, Van& Taxi | E4: Bus | F4: LMV | G4: LCV | H4: 2Axle | I4: 3Axle | J4: 4-6Axle | K4: 7+ - Axle | L4: 2-Wheeler | M4: 3-Wheeler | N4: Tractor | O4: Tractor with trailor | P4: Cycle | Q4: Rickshaw | R4: EME & HCM | S4: Total Vehicles | T4: Total PCU
C5: Day-1 | D5: =ADT!B48 -> 6673 | E5: =ADT!C48 -> 890 | F5: =ADT!D48 -> 657 | G5: =ADT!E48 -> 798 | H5: =ADT!F48 -> 780 | I5: =ADT!G48 -> 1145 | J5: =ADT!H48 -> 2959 | K5: =ADT!I48 -> 0 | ... R5: =ADT!P48 -> 2 | S5: =ADT!U48 -> 23270 | T5: =ADT!V48 -> 36053.5
C6: Day- 2 | D6: =ADT!B49 -> 4853 | E6: =ADT!C49 -> 923 | F6: =ADT!D49 -> 833 | G6: =ADT!E49 -> 1047 | H6: =ADT!F49 -> 774 | I6: =ADT!G49 -> 1081 | J6: =ADT!H49 -> 3022 | K6: =ADT!I49 -> 0 | ... R6: =ADT!P49 -> 9 | S6: =ADT!U49 -> 19672 | T6: =ADT!V49 -> 33855
C7: Day-3 | D7: =ADT!B50 -> 5397 | E7: =ADT!C50 -> 970 | F7: =ADT!D50 -> 791 | G7: =ADT!E50 -> 979 | H7: =ADT!F50 -> 671 | I7: =ADT!G50 -> 1085 | J7: =ADT!H50 -> 3335 | K7: =ADT!I50 -> 0 | ... R7: =ADT!P50 -> 4 | S7: =ADT!U50 -> 20902 | T7: =ADT!V50 -> 35868.5
C8: Day-4 | D8: =ADT!B51 -> 5325 | E8: =ADT!C51 -> 986 | F8: =ADT!D51 -> 797 | G8: =ADT!E51 -> 918 | H8: =ADT!F51 -> 1070 | I8: =ADT!G51 -> 1081 | J8: =ADT!H51 -> 3071 | K8: =ADT!I51 -> 0 | ... R8: =ADT!P51 -> 4 | S8: =ADT!U51 -> 20951 | T8: =ADT!V51 -> 35563
C9: Day-5 | D9: =ADT!B52 -> 4816 | E9: =ADT!C52 -> 930 | F9: =ADT!D52 -> 840 | G9: =ADT!E52 -> 1172 | H9: =ADT!F52 -> 887 | I9: =ADT!G52 -> 1043 | J9: =ADT!H52 -> 3335 | K9: =ADT!I52 -> 0 | ... R9: =ADT!P52 -> 12 | S9: =ADT!U52 -> 21027 | T9: =ADT!V52 -> 36135
C10: Day-6 | D10: =ADT!B53 -> 5671 | E10: =ADT!C53 -> 958 | F10: =ADT!D53 -> 862 | G10: =ADT!E53 -> 978 | H10: =ADT!F53 -> 1005 | I10: =ADT!G53 -> 1100 | J10: =ADT!H53 -> 3627 | K10: =ADT!I53 -> 0 | ... R10: =ADT!P53 -> 14 | S10: =ADT!U53 -> 22195 | T10: =ADT!V53 -> 38812.5
C11: Day-7 | D11: =ADT!B54 -> 7407 | E11: =ADT!C54 -> 932 | F11: =ADT!D54 -> 834 | G11: =ADT!E54 -> 928 | H11: =ADT!F54 -> 853 | I11: =ADT!G54 -> 842 | J11: =ADT!H54 -> 4496 | K11: =ADT!I54 -> 0 | ... R11: =ADT!P54 -> 10 | S11: =ADT!U54 -> 25704 | T11: =ADT!V54 -> 43663.5
D14: Summary of ADT | J14: Vehicular Composition
C15: Type of Vehicles | D15: Volume | E15: Type of Vehicles | F15: Volume | I15: Vehicle Type | J15: Percentage | K15: Vehicle Type | L15: Percentage
C16: Car, Jeep, Van& Taxi | D16: =ADT!B$55 -> 5734.5714 | E16: 3-Wheeler | F16: =ADT!K55 -> 1250.7143 | I16: Car, Jeep, Van& Taxi | J16: =Charts!C62 -> 0.2612289 | K16: 4-6Axle | L16: =Charts!C68 -> 0.15517421
C17: Bus | D17: =ADT!C55 -> 941.28571 | E17: Tractor | F17: =ADT!L55 -> 21.857143 | I17: Bus | J17: =Charts!C63 -> 0.042878711 | K17: 2-Wheeler | L17: =Charts!C69 -> 0.30863691
C18: LMV | D18: =ADT!D55 -> 802 | E18: Tractor with trailor | F18: =ADT!M55 -> 115 | I18: LMV | J18: =Charts!C64 -> 0.036533781 | K18: 3-Wheeler | L18: =Charts!C70 -> 0.056974217
C19: LCV | D19: =ADT!E55 -> 974.28571 | E19: Cycle | F19: =ADT!N55 -> 11.571429 | I19: LCV | J19: =Charts!C65 -> 0.044381971 | K19: Tractor | L19: =Charts!C71 -> 0.00099566592
C20: 2Axle | D20: =ADT!F$55 -> 862.85714 | E20: Rickshaw | F20: =ADT!O55 -> 2.5714286 | I20: 2Axle | J20: =Charts!C66 -> 0.039306027 | K20: Tractor with trailor | L20: =Charts!C72 -> 0.0052386344
C21: 3Axle | D21: =ADT!G55 -> 1053.8571 | E21: EME & HCM | F21: =ADT!P55 -> 7.8571429 | I21: 3Axle | J21: =Charts!C67 -> 0.048006716 | K21: Slow Moving Vehicles | L21: =Charts!C73 -> 0.00064425442
C22: 4-6Axle | D22: =ADT!H55 -> 3406.4286 | E22: Total Vehicles | F22: =ADT!U55 -> 21960.143
C23: 7+ - Axle | D23: =ADT!I55 -> 0 | E23: Total PCU | F23: =ADT!V55 -> 37135.857
C24: 2-Wheeler | D24: =ADT!J55 -> 6775.2857
K27: Peak hour percentage
D28: Summary of AADT | I28: S No | J28: Road No | K28: Location | L28: Chainage | M28: Peak Hour
C29: Vehicle Category | D29: Ranasthalam Toll Plaza | E29: Vehicle Category | F29: =D29 -> Ranasthalam Toll Plaza | M29: Time | N29: PCUs | O29: % age
C30: Car, Jeep, Van& Taxi | D30: =ADT!B56 -> 5333.1514 | E30: Tractor with trailor | F30: =ADT!M56 -> 115 | I30: 1 | J30: NH-16 | K30: =Tables!B29 -> Nathavalasa Toll Plaza | L30: 656+700 | M30: =Tables!E29 -> 10:00-11:00 | N30: =Tables!C29 -> 2057.7143 | O30: =Tables!D29 -> 0.055410443
C31: Bus | D31: =ADT!C56 -> 875.39571 | E31: Cycle | F31: =ADT!N56 -> 11.571429
C32: LMV | D32: =ADT!D56 -> 842.1 | E32: Rickshaw | F32: =ADT!O56 -> 2.3914286
C33: LCV | D33: =ADT!E56 -> 1023 | E33: EME & HCM | F33: =ADT!P56 -> 8.25
C34: 2Axle | D34: =ADT!F56 -> 906 | E34: Total Tollable Vehicles | F34: =Tables!B18 -> 12834
C35: 3Axle | D35: =ADT!G56 -> 1106.55 | E35: Total Tollable PCUs | F35: =Tables!B19 -> 31900.929
C36: 4-6Axle | D36: =ADT!H56 -> 3576.75 | E36: Non-Tollable Vehicles | F36: =Tables!B20 -> 8184.8571
C37: 7+ - Axle | D37: =ADT!I56 -> 0 | E37: Non-Tollable PCU | F37: =Tables!B21 -> 5199.5714
C38: 2-Wheeler | D38: =ADT!J56 -> 6301.0157 | E38: Total Vehicles | F38: =Tables!B22 -> 21018.857
C39: 3-Wheeler | D39: =ADT!K56 -> 1163.1643 | E39: Total PCU | F39: =Tables!B23 -> 37135.857
C40: Tractor | D40: =ADT!L56 -> 22.95

Sheet Summary Direction wise
A1: Day | B1: Car, Jeep, Van& Taxi | C1: Bus | D1: LMV | E1: LCV | F1: 2Axle | G1: 3Axle | H1: 4-6Axle | I1: 7+ - Axle | J1: 2-Wheeler | K1: 3-Wheeler | L1: Tractor | M1: Tractor with trailor | N1: Cycle | O1: Rickshaw | P1: EME & HCM | Q1: Total Vehicles | R1: Total PCU
A2: Ranasthalam to Anandapuram
A3: Day-1 | B3: ='ADT Directionwise'!B6 -> 3164 | C3: ='ADT Directionwise'!C6 -> 436 | D3: ='ADT Directionwise'!D6 -> 323 | E3: ='ADT Directionwise'!E6 -> 368 | F3: ='ADT Directionwise'!F6 -> 353 | G3: ='ADT Directionwise'!G6 -> 422 | H3: ='ADT Directionwise'!H6 -> 1604 | I3: ='ADT Directionwise'!I6 -> 0 | ... P3: ='ADT Directionwise'!P6 -> 2 | Q3: ='ADT Directionwise'!U6 -> 12029 | R3: ='ADT Directionwise'!V6 -> 18175.5
A4: Day- 2 | B4: ='ADT Directionwise'!B7 -> 2389 | C4: ='ADT Directionwise'!C7 -> 451 | D4: ='ADT Directionwise'!D7 -> 396 | E4: ='ADT Directionwise'!E7 -> 522 | F4: ='ADT Directionwise'!F7 -> 362 | G4: ='ADT Directionwise'!G7 -> 431 | H4: ='ADT Directionwise'!H7 -> 1581 | I4: ='ADT Directionwise'!I7 -> 0 | ... P4: ='ADT Directionwise'!P7 -> 5 | Q4: ='ADT Directionwise'!U7 -> 10095 | R4: ='ADT Directionwise'!V7 -> 17017.5
A5: Day-3 | B5: ='ADT Directionwise'!B8 -> 2490 | C5: ='ADT Directionwise'!C8 -> 465 | D5: ='ADT Directionwise'!D8 -> 429 | E5: ='ADT Directionwise'!E8 -> 530 | F5: ='ADT Directionwise'!F8 -> 280 | G5: ='ADT Directionwise'!G8 -> 529 | H5: ='ADT Directionwise'!H8 -> 1556 | I5: ='ADT Directionwise'!I8 -> 0 | ... P5: ='ADT Directionwise'!P8 -> 2 | Q5: ='ADT Directionwise'!U8 -> 10352 | R5: ='ADT Directionwise'!V8 -> 17218.5
A6: Day-4 | B6: ='ADT Directionwise'!B9 -> 2695 | C6: ='ADT Directionwise'!C9 -> 510 | D6: ='ADT Directionwise'!D9 -> 436 | E6: ='ADT Directionwise'!E9 -> 446 | F6: ='ADT Directionwise'!F9 -> 478 | G6: ='ADT Directionwise'!G9 -> 444 | H6: ='ADT Directionwise'!H9 -> 1766 | I6: ='ADT Directionwise'!I9 -> 0 | ... P6: ='ADT Directionwise'!P9 -> 1 | Q6: ='ADT Directionwise'!U9 -> 10849 | R6: ='ADT Directionwise'!V9 -> 18668
A7: Day-5 | B7: ='ADT Directionwise'!B10 -> 2417 | C7: ='ADT Directionwise'!C10 -> 465 | D7: ='ADT Directionwise'!D10 -> 428 | E7: ='ADT Directionwise'!E10 -> 589 | F7: ='ADT Directionwise'!F10 -> 399 | G7: ='ADT Directionwise'!G10 -> 440 | H7: ='ADT Directionwise'!H10 -> 1668 | I7: ='ADT Directionwise'!I10 -> 0 | ... P7: ='ADT Directionwise'!P10 -> 5 | Q7: ='ADT Directionwise'!U10 -> 10649 | R7: ='ADT Directionwise'!V10 -> 17857.5
A8: Day-6 | B8: ='ADT Directionwise'!B11 -> 2968 | C8: ='ADT Directionwise'!C11 -> 466 | D8: ='ADT Directionwise'!D11 -> 433 | E8: ='ADT Directionwise'!E11 -> 563 | F8: ='ADT Directionwise'!F11 -> 442 | G8: ='ADT Directionwise'!G11 -> 527 | H8: ='ADT Directionwise'!H11 -> 1782 | I8: ='ADT Directionwise'!I11 -> 0 | ... P8: ='ADT Directionwise'!P11 -> 2 | Q8: ='ADT Directionwise'!U11 -> 11092 | R8: ='ADT Directionwise'!V11 -> 19172
A9: Day-7 | B9: ='ADT Directionwise'!B12 -> 3318 | C9: ='ADT Directionwise'!C12 -> 458 | D9: ='ADT Directionwise'!D12 -> 430 | E9: ='ADT Directionwise'!E12 -> 465 | F9: ='ADT Directionwise'!F12 -> 346 | G9: ='ADT Directionwise'!G12 -> 339 | H9: ='ADT Directionwise'!H12 -> 2150 | I9: ='ADT Directionwise'!I12 -> 0 | ... P9: ='ADT Directionwise'!P12 -> 6 | Q9: ='ADT Directionwise'!U12 -> 12171 | R9: ='ADT Directionwise'!V12 -> 20442
A10: Anandapuram to Ranasthalam
A11: Day-1 | B11: ='ADT Directionwise'!B20 -> 3509 | C11: ='ADT Directionwise'!C20 -> 454 | D11: ='ADT Directionwise'!D20 -> 334 | E11: ='ADT Directionwise'!E20 -> 430 | F11: ='ADT Directionwise'!F20 -> 427 | G11: ='ADT Directionwise'!G20 -> 723 | H11: ='ADT Directionwise'!H20 -> 1355 | I11: ='ADT Directionwise'!I20 -> 0 | ... P11: ='ADT Directionwise'!P20 -> 0 | Q11: ='ADT Directionwise'!U20 -> 11241 | R11: ='ADT Directionwise'!V20 -> 17878
A12: Day- 2 | B12: ='ADT Directionwise'!B21 -> 2324 | C12: ='ADT Directionwise'!C21 -> 434 | D12: ='ADT Directionwise'!D21 -> 405 | E12: ='ADT Directionwise'!E21 -> 484 | F12: ='ADT Directionwise'!F21 -> 381 | G12: ='ADT Directionwise'!G21 -> 607 | H12: ='ADT Directionwise'!H21 -> 1352 | I12: ='ADT Directionwise'!I21 -> 0 | ... P12: ='ADT Directionwise'!P21 -> 2 | Q12: ='ADT Directionwise'!U21 -> 9577 | R12: ='ADT Directionwise'!V21 -> 16837.5
A13: Day-3 | B13: ='ADT Directionwise'!B22 -> 2907 | C13: ='ADT Directionwise'!C22 -> 505 | D13: ='ADT Directionwise'!D22 -> 362 | E13: ='ADT Directionwise'!E22 -> 449 | F13: ='ADT Directionwise'!F22 -> 391 | G13: ='ADT Directionwise'!G22 -> 556 | H13: ='ADT Directionwise'!H22 -> 1779 | I13: ='ADT Directionwise'!I22 -> 0 | ... P13: ='ADT Directionwise'!P22 -> 2 | Q13: ='ADT Directionwise'!U22 -> 10550 | R13: ='ADT Directionwise'!V22 -> 18650
A14: Day-4 | B14: ='ADT Directionwise'!B23 -> 2630 | C14: ='ADT Directionwise'!C23 -> 476 | D14: ='ADT Directionwise'!D23 -> 361 | E14: ='ADT Directionwise'!E23 -> 472 | F14: ='ADT Directionwise'!F23 -> 592 | G14: ='ADT Directionwise'!G23 -> 637 | H14: ='ADT Directionwise'!H23 -> 1305 | I14: ='ADT Directionwise'!I23 -> 0 | ... P14: ='ADT Directionwise'!P23 -> 3 | Q14: ='ADT Directionwise'!U23 -> 10102 | R14: ='ADT Directionwise'!V23 -> 16895
A15: Day-5 | B15: ='ADT Directionwise'!B24 -> 2399 | C15: ='ADT Directionwise'!C24 -> 465 | D15: ='ADT Directionwise'!D24 -> 412 | E15: ='ADT Directionwise'!E24 -> 583 | F15: ='ADT Directionwise'!F24 -> 488 | G15: ='ADT Directionwise'!G24 -> 603 | H15: ='ADT Directionwise'!H24 -> 1667 | I15: ='ADT Directionwise'!I24 -> 0 | ... P15: ='ADT Directionwise'!P24 -> 7 | Q15: ='ADT Directionwise'!U24 -> 10378 | R15: ='ADT Directionwise'!V24 -> 18277.5
A16: Day-6 | B16: ='ADT Directionwise'!B25 -> 2703 | C16: ='ADT Directionwise'!C25 -> 492 | D16: ='ADT Directionwise'!D25 -> 429 | E16: ='ADT Directionwise'!E25 -> 415 | F16: ='ADT Directionwise'!F25 -> 563 | G16: ='ADT Directionwise'!G25 -> 573 | H16: ='ADT Directionwise'!H25 -> 1845 | I16: ='ADT Directionwise'!I25 -> 0 | ... P16: ='ADT Directionwise'!P25 -> 12 | Q16: ='ADT Directionwise'!U25 -> 11103 | R16: ='ADT Directionwise'!V25 -> 19640.5
A17: Day-7 | B17: ='ADT Directionwise'!B26 -> 4089 | C17: ='ADT Directionwise'!C26 -> 474 | D17: ='ADT Directionwise'!D26 -> 404 | E17: ='ADT Directionwise'!E26 -> 463 | F17: ='ADT Directionwise'!F26 -> 507 | G17: ='ADT Directionwise'!G26 -> 503 | H17: ='ADT Directionwise'!H26 -> 2346 | I17: ='ADT Directionwise'!I26 -> 0 | ... P17: ='ADT Directionwise'!P26 -> 4 | Q17: ='ADT Directionwise'!U26 -> 13533 | R17: ='ADT Directionwise'!V26 -> 23221.5
E32: Day | F32: =A2 -> Ranasthalam to Anandapuram | H32: =A10 -> Anandapuram to Ranasthalam
E33: Day-1 | F33: =Q3 -> 12029 | H33: =Q11 -> 11241
E34: Day- 2 | F34: =Q4 -> 10095 | H34: =Q12 -> 9577
E35: Day-3 | F35: =Q5 -> 10352 | H35: =Q13 -> 10550
E36: Day-4 | F36: =Q6 -> 10849 | H36: =Q14 -> 10102
E37: Day-5 | F37: =Q7 -> 10649 | H37: =Q15 -> 10378
E38: Day-6 | F38: =Q8 -> 11092 | H38: =Q16 -> 11103
E39: Day-7 | F39: =Q9 -> 12171 | H39: =Q17 -> 13533
